id,project,family,template,method,repetition,status,answer,expected,correct,wrong,question_spec_sha256
agentsight-A1,agentsight,A,A1,procgrep,0,answer,71,81,0,1,484d1c9af3b07511d2c0892166110387642d889f88b80bfc6927a7dc324de83e
agentsight-A1,agentsight,A,A1,counts,0,answer,71,81,0,1,484d1c9af3b07511d2c0892166110387642d889f88b80bfc6927a7dc324de83e
agentsight-A1,agentsight,A,A1,final_state,0,abstain,,81,0,0,484d1c9af3b07511d2c0892166110387642d889f88b80bfc6927a7dc324de83e
agentsight-A1,agentsight,A,A1,trajectory,0,answer,71,81,0,1,484d1c9af3b07511d2c0892166110387642d889f88b80bfc6927a7dc324de83e
agentsight-A2,agentsight,A,A2,procgrep,0,answer,19,19,1,0,484d1c9af3b07511d2c0892166110387642d889f88b80bfc6927a7dc324de83e
agentsight-A2,agentsight,A,A2,counts,0,answer,19,19,1,0,484d1c9af3b07511d2c0892166110387642d889f88b80bfc6927a7dc324de83e
agentsight-A2,agentsight,A,A2,final_state,0,abstain,,19,0,0,484d1c9af3b07511d2c0892166110387642d889f88b80bfc6927a7dc324de83e
agentsight-A2,agentsight,A,A2,trajectory,0,answer,19,19,1,0,484d1c9af3b07511d2c0892166110387642d889f88b80bfc6927a7dc324de83e
agentsight-A3,agentsight,A,A3,procgrep,0,answer,11,13,0,1,484d1c9af3b07511d2c0892166110387642d889f88b80bfc6927a7dc324de83e
agentsight-A3,agentsight,A,A3,counts,0,answer,11,13,0,1,484d1c9af3b07511d2c0892166110387642d889f88b80bfc6927a7dc324de83e
agentsight-A3,agentsight,A,A3,final_state,0,abstain,,13,0,0,484d1c9af3b07511d2c0892166110387642d889f88b80bfc6927a7dc324de83e
agentsight-A3,agentsight,A,A3,trajectory,0,answer,11,13,0,1,484d1c9af3b07511d2c0892166110387642d889f88b80bfc6927a7dc324de83e
agentsight-A4,agentsight,A,A4,procgrep,0,answer,1,1,1,0,484d1c9af3b07511d2c0892166110387642d889f88b80bfc6927a7dc324de83e
agentsight-A4,agentsight,A,A4,counts,0,abstain,,1,0,0,484d1c9af3b07511d2c0892166110387642d889f88b80bfc6927a7dc324de83e
agentsight-A4,agentsight,A,A4,final_state,0,abstain,,1,0,0,484d1c9af3b07511d2c0892166110387642d889f88b80bfc6927a7dc324de83e
agentsight-A4,agentsight,A,A4,trajectory,0,answer,1,1,1,0,484d1c9af3b07511d2c0892166110387642d889f88b80bfc6927a7dc324de83e
agentsight-A5,agentsight,A,A5,procgrep,0,answer,1,1,1,0,484d1c9af3b07511d2c0892166110387642d889f88b80bfc6927a7dc324de83e
agentsight-A5,agentsight,A,A5,counts,0,abstain,,1,0,0,484d1c9af3b07511d2c0892166110387642d889f88b80bfc6927a7dc324de83e
agentsight-A5,agentsight,A,A5,final_state,0,abstain,,1,0,0,484d1c9af3b07511d2c0892166110387642d889f88b80bfc6927a7dc324de83e
agentsight-A5,agentsight,A,A5,trajectory,0,answer,1,1,1,0,484d1c9af3b07511d2c0892166110387642d889f88b80bfc6927a7dc324de83e
agentsight-B1,agentsight,B,B1,procgrep,0,abstain,,21,0,0,484d1c9af3b07511d2c0892166110387642d889f88b80bfc6927a7dc324de83e
agentsight-B1,agentsight,B,B1,counts,0,abstain,,21,0,0,484d1c9af3b07511d2c0892166110387642d889f88b80bfc6927a7dc324de83e
agentsight-B1,agentsight,B,B1,final_state,0,abstain,,21,0,0,484d1c9af3b07511d2c0892166110387642d889f88b80bfc6927a7dc324de83e
agentsight-B1,agentsight,B,B1,trajectory,0,answer,22,21,0,1,484d1c9af3b07511d2c0892166110387642d889f88b80bfc6927a7dc324de83e
agentsight-B2,agentsight,B,B2,procgrep,0,abstain,,17,0,0,484d1c9af3b07511d2c0892166110387642d889f88b80bfc6927a7dc324de83e
agentsight-B2,agentsight,B,B2,counts,0,abstain,,17,0,0,484d1c9af3b07511d2c0892166110387642d889f88b80bfc6927a7dc324de83e
agentsight-B2,agentsight,B,B2,final_state,0,abstain,,17,0,0,484d1c9af3b07511d2c0892166110387642d889f88b80bfc6927a7dc324de83e
agentsight-B2,agentsight,B,B2,trajectory,0,answer,18,17,0,1,484d1c9af3b07511d2c0892166110387642d889f88b80bfc6927a7dc324de83e
agentsight-B3,agentsight,B,B3,procgrep,0,abstain,,4,0,0,484d1c9af3b07511d2c0892166110387642d889f88b80bfc6927a7dc324de83e
agentsight-B3,agentsight,B,B3,counts,0,abstain,,4,0,0,484d1c9af3b07511d2c0892166110387642d889f88b80bfc6927a7dc324de83e
agentsight-B3,agentsight,B,B3,final_state,0,abstain,,4,0,0,484d1c9af3b07511d2c0892166110387642d889f88b80bfc6927a7dc324de83e
agentsight-B3,agentsight,B,B3,trajectory,0,answer,4,4,1,0,484d1c9af3b07511d2c0892166110387642d889f88b80bfc6927a7dc324de83e
agentsight-B4,agentsight,B,B4,procgrep,0,abstain,,read,0,0,484d1c9af3b07511d2c0892166110387642d889f88b80bfc6927a7dc324de83e
agentsight-B4,agentsight,B,B4,counts,0,abstain,,read,0,0,484d1c9af3b07511d2c0892166110387642d889f88b80bfc6927a7dc324de83e
agentsight-B4,agentsight,B,B4,final_state,0,abstain,,read,0,0,484d1c9af3b07511d2c0892166110387642d889f88b80bfc6927a7dc324de83e
agentsight-B4,agentsight,B,B4,trajectory,0,answer,read,read,1,0,484d1c9af3b07511d2c0892166110387642d889f88b80bfc6927a7dc324de83e
agentsight-B5,agentsight,B,B5,procgrep,0,abstain,,1,0,0,484d1c9af3b07511d2c0892166110387642d889f88b80bfc6927a7dc324de83e
agentsight-B5,agentsight,B,B5,counts,0,abstain,,1,0,0,484d1c9af3b07511d2c0892166110387642d889f88b80bfc6927a7dc324de83e
agentsight-B5,agentsight,B,B5,final_state,0,abstain,,1,0,0,484d1c9af3b07511d2c0892166110387642d889f88b80bfc6927a7dc324de83e
agentsight-B5,agentsight,B,B5,trajectory,0,answer,1,1,1,0,484d1c9af3b07511d2c0892166110387642d889f88b80bfc6927a7dc324de83e
agentsight-C1,agentsight,C,C1,procgrep,0,abstain,,1,0,0,484d1c9af3b07511d2c0892166110387642d889f88b80bfc6927a7dc324de83e
agentsight-C1,agentsight,C,C1,counts,0,abstain,,1,0,0,484d1c9af3b07511d2c0892166110387642d889f88b80bfc6927a7dc324de83e
agentsight-C1,agentsight,C,C1,final_state,0,abstain,,1,0,0,484d1c9af3b07511d2c0892166110387642d889f88b80bfc6927a7dc324de83e
agentsight-C1,agentsight,C,C1,trajectory,0,answer,1,1,1,0,484d1c9af3b07511d2c0892166110387642d889f88b80bfc6927a7dc324de83e
agentsight-C2,agentsight,C,C2,procgrep,0,abstain,,1,0,0,484d1c9af3b07511d2c0892166110387642d889f88b80bfc6927a7dc324de83e
agentsight-C2,agentsight,C,C2,counts,0,abstain,,1,0,0,484d1c9af3b07511d2c0892166110387642d889f88b80bfc6927a7dc324de83e
agentsight-C2,agentsight,C,C2,final_state,0,abstain,,1,0,0,484d1c9af3b07511d2c0892166110387642d889f88b80bfc6927a7dc324de83e
agentsight-C2,agentsight,C,C2,trajectory,0,answer,1,1,1,0,484d1c9af3b07511d2c0892166110387642d889f88b80bfc6927a7dc324de83e
agentsight-C3,agentsight,C,C3,procgrep,0,abstain,,0,0,0,484d1c9af3b07511d2c0892166110387642d889f88b80bfc6927a7dc324de83e
agentsight-C3,agentsight,C,C3,counts,0,abstain,,0,0,0,484d1c9af3b07511d2c0892166110387642d889f88b80bfc6927a7dc324de83e
agentsight-C3,agentsight,C,C3,final_state,0,abstain,,0,0,0,484d1c9af3b07511d2c0892166110387642d889f88b80bfc6927a7dc324de83e
agentsight-C3,agentsight,C,C3,trajectory,0,answer,0,0,1,0,484d1c9af3b07511d2c0892166110387642d889f88b80bfc6927a7dc324de83e
agentsight-C4,agentsight,C,C4,procgrep,0,abstain,,0,0,0,484d1c9af3b07511d2c0892166110387642d889f88b80bfc6927a7dc324de83e
agentsight-C4,agentsight,C,C4,counts,0,abstain,,0,0,0,484d1c9af3b07511d2c0892166110387642d889f88b80bfc6927a7dc324de83e
agentsight-C4,agentsight,C,C4,final_state,0,abstain,,0,0,0,484d1c9af3b07511d2c0892166110387642d889f88b80bfc6927a7dc324de83e
agentsight-C4,agentsight,C,C4,trajectory,0,answer,0,0,1,0,484d1c9af3b07511d2c0892166110387642d889f88b80bfc6927a7dc324de83e
agentsight-C5,agentsight,C,C5,procgrep,0,abstain,,2,0,0,484d1c9af3b07511d2c0892166110387642d889f88b80bfc6927a7dc324de83e
agentsight-C5,agentsight,C,C5,counts,0,abstain,,2,0,0,484d1c9af3b07511d2c0892166110387642d889f88b80bfc6927a7dc324de83e
agentsight-C5,agentsight,C,C5,final_state,0,abstain,,2,0,0,484d1c9af3b07511d2c0892166110387642d889f88b80bfc6927a7dc324de83e
agentsight-C5,agentsight,C,C5,trajectory,0,answer,2,2,1,0,484d1c9af3b07511d2c0892166110387642d889f88b80bfc6927a7dc324de83e
agentsight-D1,agentsight,D,D1,procgrep,0,abstain,,tracked,0,0,484d1c9af3b07511d2c0892166110387642d889f88b80bfc6927a7dc324de83e
agentsight-D1,agentsight,D,D1,counts,0,abstain,,tracked,0,0,484d1c9af3b07511d2c0892166110387642d889f88b80bfc6927a7dc324de83e
agentsight-D1,agentsight,D,D1,final_state,0,answer,tracked,tracked,1,0,484d1c9af3b07511d2c0892166110387642d889f88b80bfc6927a7dc324de83e
agentsight-D1,agentsight,D,D1,trajectory,0,answer,tracked,tracked,1,0,484d1c9af3b07511d2c0892166110387642d889f88b80bfc6927a7dc324de83e
agentsight-D2,agentsight,D,D2,procgrep,0,abstain,,tracked,0,0,484d1c9af3b07511d2c0892166110387642d889f88b80bfc6927a7dc324de83e
agentsight-D2,agentsight,D,D2,counts,0,abstain,,tracked,0,0,484d1c9af3b07511d2c0892166110387642d889f88b80bfc6927a7dc324de83e
agentsight-D2,agentsight,D,D2,final_state,0,answer,tracked,tracked,1,0,484d1c9af3b07511d2c0892166110387642d889f88b80bfc6927a7dc324de83e
agentsight-D2,agentsight,D,D2,trajectory,0,answer,tracked,tracked,1,0,484d1c9af3b07511d2c0892166110387642d889f88b80bfc6927a7dc324de83e
agentsight-D3,agentsight,D,D3,procgrep,0,abstain,,tracked,0,0,484d1c9af3b07511d2c0892166110387642d889f88b80bfc6927a7dc324de83e
agentsight-D3,agentsight,D,D3,counts,0,abstain,,tracked,0,0,484d1c9af3b07511d2c0892166110387642d889f88b80bfc6927a7dc324de83e
agentsight-D3,agentsight,D,D3,final_state,0,answer,tracked,tracked,1,0,484d1c9af3b07511d2c0892166110387642d889f88b80bfc6927a7dc324de83e
agentsight-D3,agentsight,D,D3,trajectory,0,answer,tracked,tracked,1,0,484d1c9af3b07511d2c0892166110387642d889f88b80bfc6927a7dc324de83e
agentsight-D4,agentsight,D,D4,procgrep,0,abstain,,tracked,0,0,484d1c9af3b07511d2c0892166110387642d889f88b80bfc6927a7dc324de83e
agentsight-D4,agentsight,D,D4,counts,0,abstain,,tracked,0,0,484d1c9af3b07511d2c0892166110387642d889f88b80bfc6927a7dc324de83e
agentsight-D4,agentsight,D,D4,final_state,0,answer,tracked,tracked,1,0,484d1c9af3b07511d2c0892166110387642d889f88b80bfc6927a7dc324de83e
agentsight-D4,agentsight,D,D4,trajectory,0,answer,tracked,tracked,1,0,484d1c9af3b07511d2c0892166110387642d889f88b80bfc6927a7dc324de83e
agentsight-D5,agentsight,D,D5,procgrep,0,abstain,,absent,0,0,484d1c9af3b07511d2c0892166110387642d889f88b80bfc6927a7dc324de83e
agentsight-D5,agentsight,D,D5,counts,0,abstain,,absent,0,0,484d1c9af3b07511d2c0892166110387642d889f88b80bfc6927a7dc324de83e
agentsight-D5,agentsight,D,D5,final_state,0,answer,absent,absent,1,0,484d1c9af3b07511d2c0892166110387642d889f88b80bfc6927a7dc324de83e
agentsight-D5,agentsight,D,D5,trajectory,0,answer,absent,absent,1,0,484d1c9af3b07511d2c0892166110387642d889f88b80bfc6927a7dc324de83e
ActPlane-A1,ActPlane,A,A1,procgrep,0,answer,101,104,0,1,484d1c9af3b07511d2c0892166110387642d889f88b80bfc6927a7dc324de83e
ActPlane-A1,ActPlane,A,A1,counts,0,answer,101,104,0,1,484d1c9af3b07511d2c0892166110387642d889f88b80bfc6927a7dc324de83e
ActPlane-A1,ActPlane,A,A1,final_state,0,abstain,,104,0,0,484d1c9af3b07511d2c0892166110387642d889f88b80bfc6927a7dc324de83e
ActPlane-A1,ActPlane,A,A1,trajectory,0,answer,101,104,0,1,484d1c9af3b07511d2c0892166110387642d889f88b80bfc6927a7dc324de83e
ActPlane-A2,ActPlane,A,A2,procgrep,0,answer,161,161,1,0,484d1c9af3b07511d2c0892166110387642d889f88b80bfc6927a7dc324de83e
ActPlane-A2,ActPlane,A,A2,counts,0,answer,161,161,1,0,484d1c9af3b07511d2c0892166110387642d889f88b80bfc6927a7dc324de83e
ActPlane-A2,ActPlane,A,A2,final_state,0,abstain,,161,0,0,484d1c9af3b07511d2c0892166110387642d889f88b80bfc6927a7dc324de83e
ActPlane-A2,ActPlane,A,A2,trajectory,0,answer,161,161,1,0,484d1c9af3b07511d2c0892166110387642d889f88b80bfc6927a7dc324de83e
ActPlane-A3,ActPlane,A,A3,procgrep,0,answer,1,595,0,1,484d1c9af3b07511d2c0892166110387642d889f88b80bfc6927a7dc324de83e
ActPlane-A3,ActPlane,A,A3,counts,0,answer,1,595,0,1,484d1c9af3b07511d2c0892166110387642d889f88b80bfc6927a7dc324de83e
ActPlane-A3,ActPlane,A,A3,final_state,0,abstain,,595,0,0,484d1c9af3b07511d2c0892166110387642d889f88b80bfc6927a7dc324de83e
ActPlane-A3,ActPlane,A,A3,trajectory,0,answer,1,595,0,1,484d1c9af3b07511d2c0892166110387642d889f88b80bfc6927a7dc324de83e
ActPlane-A4,ActPlane,A,A4,procgrep,0,answer,3,3,1,0,484d1c9af3b07511d2c0892166110387642d889f88b80bfc6927a7dc324de83e
ActPlane-A4,ActPlane,A,A4,counts,0,abstain,,3,0,0,484d1c9af3b07511d2c0892166110387642d889f88b80bfc6927a7dc324de83e
ActPlane-A4,ActPlane,A,A4,final_state,0,abstain,,3,0,0,484d1c9af3b07511d2c0892166110387642d889f88b80bfc6927a7dc324de83e
ActPlane-A4,ActPlane,A,A4,trajectory,0,answer,3,3,1,0,484d1c9af3b07511d2c0892166110387642d889f88b80bfc6927a7dc324de83e
ActPlane-A5,ActPlane,A,A5,procgrep,0,answer,0,0,1,0,484d1c9af3b07511d2c0892166110387642d889f88b80bfc6927a7dc324de83e
ActPlane-A5,ActPlane,A,A5,counts,0,abstain,,0,0,0,484d1c9af3b07511d2c0892166110387642d889f88b80bfc6927a7dc324de83e
ActPlane-A5,ActPlane,A,A5,final_state,0,abstain,,0,0,0,484d1c9af3b07511d2c0892166110387642d889f88b80bfc6927a7dc324de83e
ActPlane-A5,ActPlane,A,A5,trajectory,0,answer,0,0,1,0,484d1c9af3b07511d2c0892166110387642d889f88b80bfc6927a7dc324de83e
ActPlane-B1,ActPlane,B,B1,procgrep,0,abstain,,75,0,0,484d1c9af3b07511d2c0892166110387642d889f88b80bfc6927a7dc324de83e
ActPlane-B1,ActPlane,B,B1,counts,0,abstain,,75,0,0,484d1c9af3b07511d2c0892166110387642d889f88b80bfc6927a7dc324de83e
ActPlane-B1,ActPlane,B,B1,final_state,0,abstain,,75,0,0,484d1c9af3b07511d2c0892166110387642d889f88b80bfc6927a7dc324de83e
ActPlane-B1,ActPlane,B,B1,trajectory,0,answer,75,75,1,0,484d1c9af3b07511d2c0892166110387642d889f88b80bfc6927a7dc324de83e
ActPlane-B2,ActPlane,B,B2,procgrep,0,abstain,,22,0,0,484d1c9af3b07511d2c0892166110387642d889f88b80bfc6927a7dc324de83e
ActPlane-B2,ActPlane,B,B2,counts,0,abstain,,22,0,0,484d1c9af3b07511d2c0892166110387642d889f88b80bfc6927a7dc324de83e
ActPlane-B2,ActPlane,B,B2,final_state,0,abstain,,22,0,0,484d1c9af3b07511d2c0892166110387642d889f88b80bfc6927a7dc324de83e
ActPlane-B2,ActPlane,B,B2,trajectory,0,answer,22,22,1,0,484d1c9af3b07511d2c0892166110387642d889f88b80bfc6927a7dc324de83e
ActPlane-B3,ActPlane,B,B3,procgrep,0,abstain,,53,0,0,484d1c9af3b07511d2c0892166110387642d889f88b80bfc6927a7dc324de83e
ActPlane-B3,ActPlane,B,B3,counts,0,abstain,,53,0,0,484d1c9af3b07511d2c0892166110387642d889f88b80bfc6927a7dc324de83e
ActPlane-B3,ActPlane,B,B3,final_state,0,abstain,,53,0,0,484d1c9af3b07511d2c0892166110387642d889f88b80bfc6927a7dc324de83e
ActPlane-B3,ActPlane,B,B3,trajectory,0,answer,53,53,1,0,484d1c9af3b07511d2c0892166110387642d889f88b80bfc6927a7dc324de83e
ActPlane-B4,ActPlane,B,B4,procgrep,0,abstain,,read,0,0,484d1c9af3b07511d2c0892166110387642d889f88b80bfc6927a7dc324de83e
ActPlane-B4,ActPlane,B,B4,counts,0,abstain,,read,0,0,484d1c9af3b07511d2c0892166110387642d889f88b80bfc6927a7dc324de83e
ActPlane-B4,ActPlane,B,B4,final_state,0,abstain,,read,0,0,484d1c9af3b07511d2c0892166110387642d889f88b80bfc6927a7dc324de83e
ActPlane-B4,ActPlane,B,B4,trajectory,0,answer,read,read,1,0,484d1c9af3b07511d2c0892166110387642d889f88b80bfc6927a7dc324de83e
ActPlane-B5,ActPlane,B,B5,procgrep,0,abstain,,2,0,0,484d1c9af3b07511d2c0892166110387642d889f88b80bfc6927a7dc324de83e
ActPlane-B5,ActPlane,B,B5,counts,0,abstain,,2,0,0,484d1c9af3b07511d2c0892166110387642d889f88b80bfc6927a7dc324de83e
ActPlane-B5,ActPlane,B,B5,final_state,0,abstain,,2,0,0,484d1c9af3b07511d2c0892166110387642d889f88b80bfc6927a7dc324de83e
ActPlane-B5,ActPlane,B,B5,trajectory,0,answer,2,2,1,0,484d1c9af3b07511d2c0892166110387642d889f88b80bfc6927a7dc324de83e
ActPlane-C1,ActPlane,C,C1,procgrep,0,abstain,,1,0,0,484d1c9af3b07511d2c0892166110387642d889f88b80bfc6927a7dc324de83e
ActPlane-C1,ActPlane,C,C1,counts,0,abstain,,1,0,0,484d1c9af3b07511d2c0892166110387642d889f88b80bfc6927a7dc324de83e
ActPlane-C1,ActPlane,C,C1,final_state,0,abstain,,1,0,0,484d1c9af3b07511d2c0892166110387642d889f88b80bfc6927a7dc324de83e
ActPlane-C1,ActPlane,C,C1,trajectory,0,answer,3,1,0,1,484d1c9af3b07511d2c0892166110387642d889f88b80bfc6927a7dc324de83e
ActPlane-C2,ActPlane,C,C2,procgrep,0,abstain,,1,0,0,484d1c9af3b07511d2c0892166110387642d889f88b80bfc6927a7dc324de83e
ActPlane-C2,ActPlane,C,C2,counts,0,abstain,,1,0,0,484d1c9af3b07511d2c0892166110387642d889f88b80bfc6927a7dc324de83e
ActPlane-C2,ActPlane,C,C2,final_state,0,abstain,,1,0,0,484d1c9af3b07511d2c0892166110387642d889f88b80bfc6927a7dc324de83e
ActPlane-C2,ActPlane,C,C2,trajectory,0,answer,3,1,0,1,484d1c9af3b07511d2c0892166110387642d889f88b80bfc6927a7dc324de83e
ActPlane-C3,ActPlane,C,C3,procgrep,0,abstain,,0,0,0,484d1c9af3b07511d2c0892166110387642d889f88b80bfc6927a7dc324de83e
ActPlane-C3,ActPlane,C,C3,counts,0,abstain,,0,0,0,484d1c9af3b07511d2c0892166110387642d889f88b80bfc6927a7dc324de83e
ActPlane-C3,ActPlane,C,C3,final_state,0,abstain,,0,0,0,484d1c9af3b07511d2c0892166110387642d889f88b80bfc6927a7dc324de83e
ActPlane-C3,ActPlane,C,C3,trajectory,0,answer,0,0,1,0,484d1c9af3b07511d2c0892166110387642d889f88b80bfc6927a7dc324de83e
ActPlane-C4,ActPlane,C,C4,procgrep,0,abstain,,1,0,0,484d1c9af3b07511d2c0892166110387642d889f88b80bfc6927a7dc324de83e
ActPlane-C4,ActPlane,C,C4,counts,0,abstain,,1,0,0,484d1c9af3b07511d2c0892166110387642d889f88b80bfc6927a7dc324de83e
ActPlane-C4,ActPlane,C,C4,final_state,0,abstain,,1,0,0,484d1c9af3b07511d2c0892166110387642d889f88b80bfc6927a7dc324de83e
ActPlane-C4,ActPlane,C,C4,trajectory,0,answer,1,1,1,0,484d1c9af3b07511d2c0892166110387642d889f88b80bfc6927a7dc324de83e
ActPlane-C5,ActPlane,C,C5,procgrep,0,abstain,,4,0,0,484d1c9af3b07511d2c0892166110387642d889f88b80bfc6927a7dc324de83e
ActPlane-C5,ActPlane,C,C5,counts,0,abstain,,4,0,0,484d1c9af3b07511d2c0892166110387642d889f88b80bfc6927a7dc324de83e
ActPlane-C5,ActPlane,C,C5,final_state,0,abstain,,4,0,0,484d1c9af3b07511d2c0892166110387642d889f88b80bfc6927a7dc324de83e
ActPlane-C5,ActPlane,C,C5,trajectory,0,answer,12,4,0,1,484d1c9af3b07511d2c0892166110387642d889f88b80bfc6927a7dc324de83e
ActPlane-D1,ActPlane,D,D1,procgrep,0,abstain,,untracked,0,0,484d1c9af3b07511d2c0892166110387642d889f88b80bfc6927a7dc324de83e
ActPlane-D1,ActPlane,D,D1,counts,0,abstain,,untracked,0,0,484d1c9af3b07511d2c0892166110387642d889f88b80bfc6927a7dc324de83e
ActPlane-D1,ActPlane,D,D1,final_state,0,answer,untracked,untracked,1,0,484d1c9af3b07511d2c0892166110387642d889f88b80bfc6927a7dc324de83e
ActPlane-D1,ActPlane,D,D1,trajectory,0,answer,untracked,untracked,1,0,484d1c9af3b07511d2c0892166110387642d889f88b80bfc6927a7dc324de83e
ActPlane-D2,ActPlane,D,D2,procgrep,0,abstain,,untracked,0,0,484d1c9af3b07511d2c0892166110387642d889f88b80bfc6927a7dc324de83e
ActPlane-D2,ActPlane,D,D2,counts,0,abstain,,untracked,0,0,484d1c9af3b07511d2c0892166110387642d889f88b80bfc6927a7dc324de83e
ActPlane-D2,ActPlane,D,D2,final_state,0,answer,untracked,untracked,1,0,484d1c9af3b07511d2c0892166110387642d889f88b80bfc6927a7dc324de83e
ActPlane-D2,ActPlane,D,D2,trajectory,0,answer,untracked,untracked,1,0,484d1c9af3b07511d2c0892166110387642d889f88b80bfc6927a7dc324de83e
ActPlane-D3,ActPlane,D,D3,procgrep,0,abstain,,untracked,0,0,484d1c9af3b07511d2c0892166110387642d889f88b80bfc6927a7dc324de83e
ActPlane-D3,ActPlane,D,D3,counts,0,abstain,,untracked,0,0,484d1c9af3b07511d2c0892166110387642d889f88b80bfc6927a7dc324de83e
ActPlane-D3,ActPlane,D,D3,final_state,0,answer,untracked,untracked,1,0,484d1c9af3b07511d2c0892166110387642d889f88b80bfc6927a7dc324de83e
ActPlane-D3,ActPlane,D,D3,trajectory,0,answer,untracked,untracked,1,0,484d1c9af3b07511d2c0892166110387642d889f88b80bfc6927a7dc324de83e
ActPlane-D4,ActPlane,D,D4,procgrep,0,abstain,,untracked,0,0,484d1c9af3b07511d2c0892166110387642d889f88b80bfc6927a7dc324de83e
ActPlane-D4,ActPlane,D,D4,counts,0,abstain,,untracked,0,0,484d1c9af3b07511d2c0892166110387642d889f88b80bfc6927a7dc324de83e
ActPlane-D4,ActPlane,D,D4,final_state,0,answer,untracked,untracked,1,0,484d1c9af3b07511d2c0892166110387642d889f88b80bfc6927a7dc324de83e
ActPlane-D4,ActPlane,D,D4,trajectory,0,answer,untracked,untracked,1,0,484d1c9af3b07511d2c0892166110387642d889f88b80bfc6927a7dc324de83e
ActPlane-D5,ActPlane,D,D5,procgrep,0,abstain,,absent,0,0,484d1c9af3b07511d2c0892166110387642d889f88b80bfc6927a7dc324de83e
ActPlane-D5,ActPlane,D,D5,counts,0,abstain,,absent,0,0,484d1c9af3b07511d2c0892166110387642d889f88b80bfc6927a7dc324de83e
ActPlane-D5,ActPlane,D,D5,final_state,0,answer,absent,absent,1,0,484d1c9af3b07511d2c0892166110387642d889f88b80bfc6927a7dc324de83e
ActPlane-D5,ActPlane,D,D5,trajectory,0,answer,absent,absent,1,0,484d1c9af3b07511d2c0892166110387642d889f88b80bfc6927a7dc324de83e
bpf-developer-tutorial-A1,bpf-developer-tutorial,A,A1,procgrep,0,answer,217,214,0,1,484d1c9af3b07511d2c0892166110387642d889f88b80bfc6927a7dc324de83e
bpf-developer-tutorial-A1,bpf-developer-tutorial,A,A1,counts,0,answer,217,214,0,1,484d1c9af3b07511d2c0892166110387642d889f88b80bfc6927a7dc324de83e
bpf-developer-tutorial-A1,bpf-developer-tutorial,A,A1,final_state,0,abstain,,214,0,0,484d1c9af3b07511d2c0892166110387642d889f88b80bfc6927a7dc324de83e
bpf-developer-tutorial-A1,bpf-developer-tutorial,A,A1,trajectory,0,answer,217,214,0,1,484d1c9af3b07511d2c0892166110387642d889f88b80bfc6927a7dc324de83e
bpf-developer-tutorial-A2,bpf-developer-tutorial,A,A2,procgrep,0,answer,37,33,0,1,484d1c9af3b07511d2c0892166110387642d889f88b80bfc6927a7dc324de83e
bpf-developer-tutorial-A2,bpf-developer-tutorial,A,A2,counts,0,answer,37,33,0,1,484d1c9af3b07511d2c0892166110387642d889f88b80bfc6927a7dc324de83e
bpf-developer-tutorial-A2,bpf-developer-tutorial,A,A2,final_state,0,abstain,,33,0,0,484d1c9af3b07511d2c0892166110387642d889f88b80bfc6927a7dc324de83e
bpf-developer-tutorial-A2,bpf-developer-tutorial,A,A2,trajectory,0,answer,37,33,0,1,484d1c9af3b07511d2c0892166110387642d889f88b80bfc6927a7dc324de83e
bpf-developer-tutorial-A3,bpf-developer-tutorial,A,A3,procgrep,0,answer,4,42,0,1,484d1c9af3b07511d2c0892166110387642d889f88b80bfc6927a7dc324de83e
bpf-developer-tutorial-A3,bpf-developer-tutorial,A,A3,counts,0,answer,4,42,0,1,484d1c9af3b07511d2c0892166110387642d889f88b80bfc6927a7dc324de83e
bpf-developer-tutorial-A3,bpf-developer-tutorial,A,A3,final_state,0,abstain,,42,0,0,484d1c9af3b07511d2c0892166110387642d889f88b80bfc6927a7dc324de83e
bpf-developer-tutorial-A3,bpf-developer-tutorial,A,A3,trajectory,0,answer,4,42,0,1,484d1c9af3b07511d2c0892166110387642d889f88b80bfc6927a7dc324de83e
bpf-developer-tutorial-A4,bpf-developer-tutorial,A,A4,procgrep,0,answer,6,5,0,1,484d1c9af3b07511d2c0892166110387642d889f88b80bfc6927a7dc324de83e
bpf-developer-tutorial-A4,bpf-developer-tutorial,A,A4,counts,0,abstain,,5,0,0,484d1c9af3b07511d2c0892166110387642d889f88b80bfc6927a7dc324de83e
bpf-developer-tutorial-A4,bpf-developer-tutorial,A,A4,final_state,0,abstain,,5,0,0,484d1c9af3b07511d2c0892166110387642d889f88b80bfc6927a7dc324de83e
bpf-developer-tutorial-A4,bpf-developer-tutorial,A,A4,trajectory,0,answer,6,5,0,1,484d1c9af3b07511d2c0892166110387642d889f88b80bfc6927a7dc324de83e
bpf-developer-tutorial-A5,bpf-developer-tutorial,A,A5,procgrep,0,answer,0,0,1,0,484d1c9af3b07511d2c0892166110387642d889f88b80bfc6927a7dc324de83e
bpf-developer-tutorial-A5,bpf-developer-tutorial,A,A5,counts,0,abstain,,0,0,0,484d1c9af3b07511d2c0892166110387642d889f88b80bfc6927a7dc324de83e
bpf-developer-tutorial-A5,bpf-developer-tutorial,A,A5,final_state,0,abstain,,0,0,0,484d1c9af3b07511d2c0892166110387642d889f88b80bfc6927a7dc324de83e
bpf-developer-tutorial-A5,bpf-developer-tutorial,A,A5,trajectory,0,answer,0,0,1,0,484d1c9af3b07511d2c0892166110387642d889f88b80bfc6927a7dc324de83e
bpf-developer-tutorial-B1,bpf-developer-tutorial,B,B1,procgrep,0,abstain,,14,0,0,484d1c9af3b07511d2c0892166110387642d889f88b80bfc6927a7dc324de83e
bpf-developer-tutorial-B1,bpf-developer-tutorial,B,B1,counts,0,abstain,,14,0,0,484d1c9af3b07511d2c0892166110387642d889f88b80bfc6927a7dc324de83e
bpf-developer-tutorial-B1,bpf-developer-tutorial,B,B1,final_state,0,abstain,,14,0,0,484d1c9af3b07511d2c0892166110387642d889f88b80bfc6927a7dc324de83e
bpf-developer-tutorial-B1,bpf-developer-tutorial,B,B1,trajectory,0,answer,14,14,1,0,484d1c9af3b07511d2c0892166110387642d889f88b80bfc6927a7dc324de83e
bpf-developer-tutorial-B2,bpf-developer-tutorial,B,B2,procgrep,0,abstain,,5,0,0,484d1c9af3b07511d2c0892166110387642d889f88b80bfc6927a7dc324de83e
bpf-developer-tutorial-B2,bpf-developer-tutorial,B,B2,counts,0,abstain,,5,0,0,484d1c9af3b07511d2c0892166110387642d889f88b80bfc6927a7dc324de83e
bpf-developer-tutorial-B2,bpf-developer-tutorial,B,B2,final_state,0,abstain,,5,0,0,484d1c9af3b07511d2c0892166110387642d889f88b80bfc6927a7dc324de83e
bpf-developer-tutorial-B2,bpf-developer-tutorial,B,B2,trajectory,0,answer,5,5,1,0,484d1c9af3b07511d2c0892166110387642d889f88b80bfc6927a7dc324de83e
bpf-developer-tutorial-B3,bpf-developer-tutorial,B,B3,procgrep,0,abstain,,9,0,0,484d1c9af3b07511d2c0892166110387642d889f88b80bfc6927a7dc324de83e
bpf-developer-tutorial-B3,bpf-developer-tutorial,B,B3,counts,0,abstain,,9,0,0,484d1c9af3b07511d2c0892166110387642d889f88b80bfc6927a7dc324de83e
bpf-developer-tutorial-B3,bpf-developer-tutorial,B,B3,final_state,0,abstain,,9,0,0,484d1c9af3b07511d2c0892166110387642d889f88b80bfc6927a7dc324de83e
bpf-developer-tutorial-B3,bpf-developer-tutorial,B,B3,trajectory,0,answer,9,9,1,0,484d1c9af3b07511d2c0892166110387642d889f88b80bfc6927a7dc324de83e
bpf-developer-tutorial-B4,bpf-developer-tutorial,B,B4,procgrep,0,abstain,,mutate,0,0,484d1c9af3b07511d2c0892166110387642d889f88b80bfc6927a7dc324de83e
bpf-developer-tutorial-B4,bpf-developer-tutorial,B,B4,counts,0,abstain,,mutate,0,0,484d1c9af3b07511d2c0892166110387642d889f88b80bfc6927a7dc324de83e
bpf-developer-tutorial-B4,bpf-developer-tutorial,B,B4,final_state,0,abstain,,mutate,0,0,484d1c9af3b07511d2c0892166110387642d889f88b80bfc6927a7dc324de83e
bpf-developer-tutorial-B4,bpf-developer-tutorial,B,B4,trajectory,0,answer,mutate,mutate,1,0,484d1c9af3b07511d2c0892166110387642d889f88b80bfc6927a7dc324de83e
bpf-developer-tutorial-B5,bpf-developer-tutorial,B,B5,procgrep,0,abstain,,1,0,0,484d1c9af3b07511d2c0892166110387642d889f88b80bfc6927a7dc324de83e
bpf-developer-tutorial-B5,bpf-developer-tutorial,B,B5,counts,0,abstain,,1,0,0,484d1c9af3b07511d2c0892166110387642d889f88b80bfc6927a7dc324de83e
bpf-developer-tutorial-B5,bpf-developer-tutorial,B,B5,final_state,0,abstain,,1,0,0,484d1c9af3b07511d2c0892166110387642d889f88b80bfc6927a7dc324de83e
bpf-developer-tutorial-B5,bpf-developer-tutorial,B,B5,trajectory,0,answer,1,1,1,0,484d1c9af3b07511d2c0892166110387642d889f88b80bfc6927a7dc324de83e
bpf-developer-tutorial-C1,bpf-developer-tutorial,C,C1,procgrep,0,abstain,,6,0,0,484d1c9af3b07511d2c0892166110387642d889f88b80bfc6927a7dc324de83e
bpf-developer-tutorial-C1,bpf-developer-tutorial,C,C1,counts,0,abstain,,6,0,0,484d1c9af3b07511d2c0892166110387642d889f88b80bfc6927a7dc324de83e
bpf-developer-tutorial-C1,bpf-developer-tutorial,C,C1,final_state,0,abstain,,6,0,0,484d1c9af3b07511d2c0892166110387642d889f88b80bfc6927a7dc324de83e
bpf-developer-tutorial-C1,bpf-developer-tutorial,C,C1,trajectory,0,answer,7,6,0,1,484d1c9af3b07511d2c0892166110387642d889f88b80bfc6927a7dc324de83e
bpf-developer-tutorial-C2,bpf-developer-tutorial,C,C2,procgrep,0,abstain,,7,0,0,484d1c9af3b07511d2c0892166110387642d889f88b80bfc6927a7dc324de83e
bpf-developer-tutorial-C2,bpf-developer-tutorial,C,C2,counts,0,abstain,,7,0,0,484d1c9af3b07511d2c0892166110387642d889f88b80bfc6927a7dc324de83e
bpf-developer-tutorial-C2,bpf-developer-tutorial,C,C2,final_state,0,abstain,,7,0,0,484d1c9af3b07511d2c0892166110387642d889f88b80bfc6927a7dc324de83e
bpf-developer-tutorial-C2,bpf-developer-tutorial,C,C2,trajectory,0,answer,8,7,0,1,484d1c9af3b07511d2c0892166110387642d889f88b80bfc6927a7dc324de83e
bpf-developer-tutorial-C3,bpf-developer-tutorial,C,C3,procgrep,0,abstain,,0,0,0,484d1c9af3b07511d2c0892166110387642d889f88b80bfc6927a7dc324de83e
bpf-developer-tutorial-C3,bpf-developer-tutorial,C,C3,counts,0,abstain,,0,0,0,484d1c9af3b07511d2c0892166110387642d889f88b80bfc6927a7dc324de83e
bpf-developer-tutorial-C3,bpf-developer-tutorial,C,C3,final_state,0,abstain,,0,0,0,484d1c9af3b07511d2c0892166110387642d889f88b80bfc6927a7dc324de83e
bpf-developer-tutorial-C3,bpf-developer-tutorial,C,C3,trajectory,0,answer,0,0,1,0,484d1c9af3b07511d2c0892166110387642d889f88b80bfc6927a7dc324de83e
bpf-developer-tutorial-C4,bpf-developer-tutorial,C,C4,procgrep,0,abstain,,0,0,0,484d1c9af3b07511d2c0892166110387642d889f88b80bfc6927a7dc324de83e
bpf-developer-tutorial-C4,bpf-developer-tutorial,C,C4,counts,0,abstain,,0,0,0,484d1c9af3b07511d2c0892166110387642d889f88b80bfc6927a7dc324de83e
bpf-developer-tutorial-C4,bpf-developer-tutorial,C,C4,final_state,0,abstain,,0,0,0,484d1c9af3b07511d2c0892166110387642d889f88b80bfc6927a7dc324de83e
bpf-developer-tutorial-C4,bpf-developer-tutorial,C,C4,trajectory,0,answer,0,0,1,0,484d1c9af3b07511d2c0892166110387642d889f88b80bfc6927a7dc324de83e
bpf-developer-tutorial-C5,bpf-developer-tutorial,C,C5,procgrep,0,abstain,,17,0,0,484d1c9af3b07511d2c0892166110387642d889f88b80bfc6927a7dc324de83e
bpf-developer-tutorial-C5,bpf-developer-tutorial,C,C5,counts,0,abstain,,17,0,0,484d1c9af3b07511d2c0892166110387642d889f88b80bfc6927a7dc324de83e
bpf-developer-tutorial-C5,bpf-developer-tutorial,C,C5,final_state,0,abstain,,17,0,0,484d1c9af3b07511d2c0892166110387642d889f88b80bfc6927a7dc324de83e
bpf-developer-tutorial-C5,bpf-developer-tutorial,C,C5,trajectory,0,answer,22,17,0,1,484d1c9af3b07511d2c0892166110387642d889f88b80bfc6927a7dc324de83e
bpf-developer-tutorial-D1,bpf-developer-tutorial,D,D1,procgrep,0,abstain,,tracked,0,0,484d1c9af3b07511d2c0892166110387642d889f88b80bfc6927a7dc324de83e
bpf-developer-tutorial-D1,bpf-developer-tutorial,D,D1,counts,0,abstain,,tracked,0,0,484d1c9af3b07511d2c0892166110387642d889f88b80bfc6927a7dc324de83e
bpf-developer-tutorial-D1,bpf-developer-tutorial,D,D1,final_state,0,answer,tracked,tracked,1,0,484d1c9af3b07511d2c0892166110387642d889f88b80bfc6927a7dc324de83e
bpf-developer-tutorial-D1,bpf-developer-tutorial,D,D1,trajectory,0,answer,tracked,tracked,1,0,484d1c9af3b07511d2c0892166110387642d889f88b80bfc6927a7dc324de83e
bpf-developer-tutorial-D2,bpf-developer-tutorial,D,D2,procgrep,0,abstain,,tracked,0,0,484d1c9af3b07511d2c0892166110387642d889f88b80bfc6927a7dc324de83e
bpf-developer-tutorial-D2,bpf-developer-tutorial,D,D2,counts,0,abstain,,tracked,0,0,484d1c9af3b07511d2c0892166110387642d889f88b80bfc6927a7dc324de83e
bpf-developer-tutorial-D2,bpf-developer-tutorial,D,D2,final_state,0,answer,tracked,tracked,1,0,484d1c9af3b07511d2c0892166110387642d889f88b80bfc6927a7dc324de83e
bpf-developer-tutorial-D2,bpf-developer-tutorial,D,D2,trajectory,0,answer,tracked,tracked,1,0,484d1c9af3b07511d2c0892166110387642d889f88b80bfc6927a7dc324de83e
bpf-developer-tutorial-D3,bpf-developer-tutorial,D,D3,procgrep,0,abstain,,tracked,0,0,484d1c9af3b07511d2c0892166110387642d889f88b80bfc6927a7dc324de83e
bpf-developer-tutorial-D3,bpf-developer-tutorial,D,D3,counts,0,abstain,,tracked,0,0,484d1c9af3b07511d2c0892166110387642d889f88b80bfc6927a7dc324de83e
bpf-developer-tutorial-D3,bpf-developer-tutorial,D,D3,final_state,0,answer,tracked,tracked,1,0,484d1c9af3b07511d2c0892166110387642d889f88b80bfc6927a7dc324de83e
bpf-developer-tutorial-D3,bpf-developer-tutorial,D,D3,trajectory,0,answer,tracked,tracked,1,0,484d1c9af3b07511d2c0892166110387642d889f88b80bfc6927a7dc324de83e
bpf-developer-tutorial-D4,bpf-developer-tutorial,D,D4,procgrep,0,abstain,,tracked,0,0,484d1c9af3b07511d2c0892166110387642d889f88b80bfc6927a7dc324de83e
bpf-developer-tutorial-D4,bpf-developer-tutorial,D,D4,counts,0,abstain,,tracked,0,0,484d1c9af3b07511d2c0892166110387642d889f88b80bfc6927a7dc324de83e
bpf-developer-tutorial-D4,bpf-developer-tutorial,D,D4,final_state,0,answer,tracked,tracked,1,0,484d1c9af3b07511d2c0892166110387642d889f88b80bfc6927a7dc324de83e
bpf-developer-tutorial-D4,bpf-developer-tutorial,D,D4,trajectory,0,answer,tracked,tracked,1,0,484d1c9af3b07511d2c0892166110387642d889f88b80bfc6927a7dc324de83e
bpf-developer-tutorial-D5,bpf-developer-tutorial,D,D5,procgrep,0,abstain,,tracked,0,0,484d1c9af3b07511d2c0892166110387642d889f88b80bfc6927a7dc324de83e
bpf-developer-tutorial-D5,bpf-developer-tutorial,D,D5,counts,0,abstain,,tracked,0,0,484d1c9af3b07511d2c0892166110387642d889f88b80bfc6927a7dc324de83e
bpf-developer-tutorial-D5,bpf-developer-tutorial,D,D5,final_state,0,answer,tracked,tracked,1,0,484d1c9af3b07511d2c0892166110387642d889f88b80bfc6927a7dc324de83e
bpf-developer-tutorial-D5,bpf-developer-tutorial,D,D5,trajectory,0,answer,tracked,tracked,1,0,484d1c9af3b07511d2c0892166110387642d889f88b80bfc6927a7dc324de83e
eunomia.dev-A1,eunomia.dev,A,A1,procgrep,0,answer,220,225,0,1,484d1c9af3b07511d2c0892166110387642d889f88b80bfc6927a7dc324de83e
eunomia.dev-A1,eunomia.dev,A,A1,counts,0,answer,220,225,0,1,484d1c9af3b07511d2c0892166110387642d889f88b80bfc6927a7dc324de83e
eunomia.dev-A1,eunomia.dev,A,A1,final_state,0,abstain,,225,0,0,484d1c9af3b07511d2c0892166110387642d889f88b80bfc6927a7dc324de83e
eunomia.dev-A1,eunomia.dev,A,A1,trajectory,0,answer,220,225,0,1,484d1c9af3b07511d2c0892166110387642d889f88b80bfc6927a7dc324de83e
eunomia.dev-A2,eunomia.dev,A,A2,procgrep,0,answer,268,268,1,0,484d1c9af3b07511d2c0892166110387642d889f88b80bfc6927a7dc324de83e
eunomia.dev-A2,eunomia.dev,A,A2,counts,0,answer,268,268,1,0,484d1c9af3b07511d2c0892166110387642d889f88b80bfc6927a7dc324de83e
eunomia.dev-A2,eunomia.dev,A,A2,final_state,0,abstain,,268,0,0,484d1c9af3b07511d2c0892166110387642d889f88b80bfc6927a7dc324de83e
eunomia.dev-A2,eunomia.dev,A,A2,trajectory,0,answer,268,268,1,0,484d1c9af3b07511d2c0892166110387642d889f88b80bfc6927a7dc324de83e
eunomia.dev-A3,eunomia.dev,A,A3,procgrep,0,answer,87,102,0,1,484d1c9af3b07511d2c0892166110387642d889f88b80bfc6927a7dc324de83e
eunomia.dev-A3,eunomia.dev,A,A3,counts,0,answer,87,102,0,1,484d1c9af3b07511d2c0892166110387642d889f88b80bfc6927a7dc324de83e
eunomia.dev-A3,eunomia.dev,A,A3,final_state,0,abstain,,102,0,0,484d1c9af3b07511d2c0892166110387642d889f88b80bfc6927a7dc324de83e
eunomia.dev-A3,eunomia.dev,A,A3,trajectory,0,answer,87,102,0,1,484d1c9af3b07511d2c0892166110387642d889f88b80bfc6927a7dc324de83e
eunomia.dev-A4,eunomia.dev,A,A4,procgrep,0,answer,4,4,1,0,484d1c9af3b07511d2c0892166110387642d889f88b80bfc6927a7dc324de83e
eunomia.dev-A4,eunomia.dev,A,A4,counts,0,abstain,,4,0,0,484d1c9af3b07511d2c0892166110387642d889f88b80bfc6927a7dc324de83e
eunomia.dev-A4,eunomia.dev,A,A4,final_state,0,abstain,,4,0,0,484d1c9af3b07511d2c0892166110387642d889f88b80bfc6927a7dc324de83e
eunomia.dev-A4,eunomia.dev,A,A4,trajectory,0,answer,4,4,1,0,484d1c9af3b07511d2c0892166110387642d889f88b80bfc6927a7dc324de83e
eunomia.dev-A5,eunomia.dev,A,A5,procgrep,0,answer,3,3,1,0,484d1c9af3b07511d2c0892166110387642d889f88b80bfc6927a7dc324de83e
eunomia.dev-A5,eunomia.dev,A,A5,counts,0,abstain,,3,0,0,484d1c9af3b07511d2c0892166110387642d889f88b80bfc6927a7dc324de83e
eunomia.dev-A5,eunomia.dev,A,A5,final_state,0,abstain,,3,0,0,484d1c9af3b07511d2c0892166110387642d889f88b80bfc6927a7dc324de83e
eunomia.dev-A5,eunomia.dev,A,A5,trajectory,0,answer,3,3,1,0,484d1c9af3b07511d2c0892166110387642d889f88b80bfc6927a7dc324de83e
eunomia.dev-B1,eunomia.dev,B,B1,procgrep,0,abstain,,43,0,0,484d1c9af3b07511d2c0892166110387642d889f88b80bfc6927a7dc324de83e
eunomia.dev-B1,eunomia.dev,B,B1,counts,0,abstain,,43,0,0,484d1c9af3b07511d2c0892166110387642d889f88b80bfc6927a7dc324de83e
eunomia.dev-B1,eunomia.dev,B,B1,final_state,0,abstain,,43,0,0,484d1c9af3b07511d2c0892166110387642d889f88b80bfc6927a7dc324de83e
eunomia.dev-B1,eunomia.dev,B,B1,trajectory,0,answer,43,43,1,0,484d1c9af3b07511d2c0892166110387642d889f88b80bfc6927a7dc324de83e
eunomia.dev-B2,eunomia.dev,B,B2,procgrep,0,abstain,,32,0,0,484d1c9af3b07511d2c0892166110387642d889f88b80bfc6927a7dc324de83e
eunomia.dev-B2,eunomia.dev,B,B2,counts,0,abstain,,32,0,0,484d1c9af3b07511d2c0892166110387642d889f88b80bfc6927a7dc324de83e
eunomia.dev-B2,eunomia.dev,B,B2,final_state,0,abstain,,32,0,0,484d1c9af3b07511d2c0892166110387642d889f88b80bfc6927a7dc324de83e
eunomia.dev-B2,eunomia.dev,B,B2,trajectory,0,answer,32,32,1,0,484d1c9af3b07511d2c0892166110387642d889f88b80bfc6927a7dc324de83e
eunomia.dev-B3,eunomia.dev,B,B3,procgrep,0,abstain,,11,0,0,484d1c9af3b07511d2c0892166110387642d889f88b80bfc6927a7dc324de83e
eunomia.dev-B3,eunomia.dev,B,B3,counts,0,abstain,,11,0,0,484d1c9af3b07511d2c0892166110387642d889f88b80bfc6927a7dc324de83e
eunomia.dev-B3,eunomia.dev,B,B3,final_state,0,abstain,,11,0,0,484d1c9af3b07511d2c0892166110387642d889f88b80bfc6927a7dc324de83e
eunomia.dev-B3,eunomia.dev,B,B3,trajectory,0,answer,11,11,1,0,484d1c9af3b07511d2c0892166110387642d889f88b80bfc6927a7dc324de83e
eunomia.dev-B4,eunomia.dev,B,B4,procgrep,0,abstain,,read,0,0,484d1c9af3b07511d2c0892166110387642d889f88b80bfc6927a7dc324de83e
eunomia.dev-B4,eunomia.dev,B,B4,counts,0,abstain,,read,0,0,484d1c9af3b07511d2c0892166110387642d889f88b80bfc6927a7dc324de83e
eunomia.dev-B4,eunomia.dev,B,B4,final_state,0,abstain,,read,0,0,484d1c9af3b07511d2c0892166110387642d889f88b80bfc6927a7dc324de83e
eunomia.dev-B4,eunomia.dev,B,B4,trajectory,0,answer,read,read,1,0,484d1c9af3b07511d2c0892166110387642d889f88b80bfc6927a7dc324de83e
eunomia.dev-B5,eunomia.dev,B,B5,procgrep,0,abstain,,2,0,0,484d1c9af3b07511d2c0892166110387642d889f88b80bfc6927a7dc324de83e
eunomia.dev-B5,eunomia.dev,B,B5,counts,0,abstain,,2,0,0,484d1c9af3b07511d2c0892166110387642d889f88b80bfc6927a7dc324de83e
eunomia.dev-B5,eunomia.dev,B,B5,final_state,0,abstain,,2,0,0,484d1c9af3b07511d2c0892166110387642d889f88b80bfc6927a7dc324de83e
eunomia.dev-B5,eunomia.dev,B,B5,trajectory,0,answer,2,2,1,0,484d1c9af3b07511d2c0892166110387642d889f88b80bfc6927a7dc324de83e
eunomia.dev-C1,eunomia.dev,C,C1,procgrep,0,abstain,,1,0,0,484d1c9af3b07511d2c0892166110387642d889f88b80bfc6927a7dc324de83e
eunomia.dev-C1,eunomia.dev,C,C1,counts,0,abstain,,1,0,0,484d1c9af3b07511d2c0892166110387642d889f88b80bfc6927a7dc324de83e
eunomia.dev-C1,eunomia.dev,C,C1,final_state,0,abstain,,1,0,0,484d1c9af3b07511d2c0892166110387642d889f88b80bfc6927a7dc324de83e
eunomia.dev-C1,eunomia.dev,C,C1,trajectory,0,answer,1,1,1,0,484d1c9af3b07511d2c0892166110387642d889f88b80bfc6927a7dc324de83e
eunomia.dev-C2,eunomia.dev,C,C2,procgrep,0,abstain,,5,0,0,484d1c9af3b07511d2c0892166110387642d889f88b80bfc6927a7dc324de83e
eunomia.dev-C2,eunomia.dev,C,C2,counts,0,abstain,,5,0,0,484d1c9af3b07511d2c0892166110387642d889f88b80bfc6927a7dc324de83e
eunomia.dev-C2,eunomia.dev,C,C2,final_state,0,abstain,,5,0,0,484d1c9af3b07511d2c0892166110387642d889f88b80bfc6927a7dc324de83e
eunomia.dev-C2,eunomia.dev,C,C2,trajectory,0,answer,5,5,1,0,484d1c9af3b07511d2c0892166110387642d889f88b80bfc6927a7dc324de83e
eunomia.dev-C3,eunomia.dev,C,C3,procgrep,0,abstain,,1,0,0,484d1c9af3b07511d2c0892166110387642d889f88b80bfc6927a7dc324de83e
eunomia.dev-C3,eunomia.dev,C,C3,counts,0,abstain,,1,0,0,484d1c9af3b07511d2c0892166110387642d889f88b80bfc6927a7dc324de83e
eunomia.dev-C3,eunomia.dev,C,C3,final_state,0,abstain,,1,0,0,484d1c9af3b07511d2c0892166110387642d889f88b80bfc6927a7dc324de83e
eunomia.dev-C3,eunomia.dev,C,C3,trajectory,0,answer,1,1,1,0,484d1c9af3b07511d2c0892166110387642d889f88b80bfc6927a7dc324de83e
eunomia.dev-C4,eunomia.dev,C,C4,procgrep,0,abstain,,2,0,0,484d1c9af3b07511d2c0892166110387642d889f88b80bfc6927a7dc324de83e
eunomia.dev-C4,eunomia.dev,C,C4,counts,0,abstain,,2,0,0,484d1c9af3b07511d2c0892166110387642d889f88b80bfc6927a7dc324de83e
eunomia.dev-C4,eunomia.dev,C,C4,final_state,0,abstain,,2,0,0,484d1c9af3b07511d2c0892166110387642d889f88b80bfc6927a7dc324de83e
eunomia.dev-C4,eunomia.dev,C,C4,trajectory,0,answer,2,2,1,0,484d1c9af3b07511d2c0892166110387642d889f88b80bfc6927a7dc324de83e
eunomia.dev-C5,eunomia.dev,C,C5,procgrep,0,abstain,,17,0,0,484d1c9af3b07511d2c0892166110387642d889f88b80bfc6927a7dc324de83e
eunomia.dev-C5,eunomia.dev,C,C5,counts,0,abstain,,17,0,0,484d1c9af3b07511d2c0892166110387642d889f88b80bfc6927a7dc324de83e
eunomia.dev-C5,eunomia.dev,C,C5,final_state,0,abstain,,17,0,0,484d1c9af3b07511d2c0892166110387642d889f88b80bfc6927a7dc324de83e
eunomia.dev-C5,eunomia.dev,C,C5,trajectory,0,answer,17,17,1,0,484d1c9af3b07511d2c0892166110387642d889f88b80bfc6927a7dc324de83e
eunomia.dev-D1,eunomia.dev,D,D1,procgrep,0,abstain,,tracked,0,0,484d1c9af3b07511d2c0892166110387642d889f88b80bfc6927a7dc324de83e
eunomia.dev-D1,eunomia.dev,D,D1,counts,0,abstain,,tracked,0,0,484d1c9af3b07511d2c0892166110387642d889f88b80bfc6927a7dc324de83e
eunomia.dev-D1,eunomia.dev,D,D1,final_state,0,answer,tracked,tracked,1,0,484d1c9af3b07511d2c0892166110387642d889f88b80bfc6927a7dc324de83e
eunomia.dev-D1,eunomia.dev,D,D1,trajectory,0,answer,tracked,tracked,1,0,484d1c9af3b07511d2c0892166110387642d889f88b80bfc6927a7dc324de83e
eunomia.dev-D2,eunomia.dev,D,D2,procgrep,0,abstain,,tracked,0,0,484d1c9af3b07511d2c0892166110387642d889f88b80bfc6927a7dc324de83e
eunomia.dev-D2,eunomia.dev,D,D2,counts,0,abstain,,tracked,0,0,484d1c9af3b07511d2c0892166110387642d889f88b80bfc6927a7dc324de83e
eunomia.dev-D2,eunomia.dev,D,D2,final_state,0,answer,tracked,tracked,1,0,484d1c9af3b07511d2c0892166110387642d889f88b80bfc6927a7dc324de83e
eunomia.dev-D2,eunomia.dev,D,D2,trajectory,0,answer,tracked,tracked,1,0,484d1c9af3b07511d2c0892166110387642d889f88b80bfc6927a7dc324de83e
eunomia.dev-D3,eunomia.dev,D,D3,procgrep,0,abstain,,tracked,0,0,484d1c9af3b07511d2c0892166110387642d889f88b80bfc6927a7dc324de83e
eunomia.dev-D3,eunomia.dev,D,D3,counts,0,abstain,,tracked,0,0,484d1c9af3b07511d2c0892166110387642d889f88b80bfc6927a7dc324de83e
eunomia.dev-D3,eunomia.dev,D,D3,final_state,0,answer,tracked,tracked,1,0,484d1c9af3b07511d2c0892166110387642d889f88b80bfc6927a7dc324de83e
eunomia.dev-D3,eunomia.dev,D,D3,trajectory,0,answer,tracked,tracked,1,0,484d1c9af3b07511d2c0892166110387642d889f88b80bfc6927a7dc324de83e
eunomia.dev-D4,eunomia.dev,D,D4,procgrep,0,abstain,,tracked,0,0,484d1c9af3b07511d2c0892166110387642d889f88b80bfc6927a7dc324de83e
eunomia.dev-D4,eunomia.dev,D,D4,counts,0,abstain,,tracked,0,0,484d1c9af3b07511d2c0892166110387642d889f88b80bfc6927a7dc324de83e
eunomia.dev-D4,eunomia.dev,D,D4,final_state,0,answer,tracked,tracked,1,0,484d1c9af3b07511d2c0892166110387642d889f88b80bfc6927a7dc324de83e
eunomia.dev-D4,eunomia.dev,D,D4,trajectory,0,answer,tracked,tracked,1,0,484d1c9af3b07511d2c0892166110387642d889f88b80bfc6927a7dc324de83e
eunomia.dev-D5,eunomia.dev,D,D5,procgrep,0,abstain,,untracked,0,0,484d1c9af3b07511d2c0892166110387642d889f88b80bfc6927a7dc324de83e
eunomia.dev-D5,eunomia.dev,D,D5,counts,0,abstain,,untracked,0,0,484d1c9af3b07511d2c0892166110387642d889f88b80bfc6927a7dc324de83e
eunomia.dev-D5,eunomia.dev,D,D5,final_state,0,answer,untracked,untracked,1,0,484d1c9af3b07511d2c0892166110387642d889f88b80bfc6927a7dc324de83e
eunomia.dev-D5,eunomia.dev,D,D5,trajectory,0,answer,untracked,untracked,1,0,484d1c9af3b07511d2c0892166110387642d889f88b80bfc6927a7dc324de83e
agentskill-observability-paper-A1,agentskill-observability-paper,A,A1,procgrep,0,answer,164,165,0,1,484d1c9af3b07511d2c0892166110387642d889f88b80bfc6927a7dc324de83e
agentskill-observability-paper-A1,agentskill-observability-paper,A,A1,counts,0,answer,164,165,0,1,484d1c9af3b07511d2c0892166110387642d889f88b80bfc6927a7dc324de83e
agentskill-observability-paper-A1,agentskill-observability-paper,A,A1,final_state,0,abstain,,165,0,0,484d1c9af3b07511d2c0892166110387642d889f88b80bfc6927a7dc324de83e
agentskill-observability-paper-A1,agentskill-observability-paper,A,A1,trajectory,0,answer,164,165,0,1,484d1c9af3b07511d2c0892166110387642d889f88b80bfc6927a7dc324de83e
agentskill-observability-paper-A2,agentskill-observability-paper,A,A2,procgrep,0,answer,234,234,1,0,484d1c9af3b07511d2c0892166110387642d889f88b80bfc6927a7dc324de83e
agentskill-observability-paper-A2,agentskill-observability-paper,A,A2,counts,0,answer,234,234,1,0,484d1c9af3b07511d2c0892166110387642d889f88b80bfc6927a7dc324de83e
agentskill-observability-paper-A2,agentskill-observability-paper,A,A2,final_state,0,abstain,,234,0,0,484d1c9af3b07511d2c0892166110387642d889f88b80bfc6927a7dc324de83e
agentskill-observability-paper-A2,agentskill-observability-paper,A,A2,trajectory,0,answer,234,234,1,0,484d1c9af3b07511d2c0892166110387642d889f88b80bfc6927a7dc324de83e
agentskill-observability-paper-A3,agentskill-observability-paper,A,A3,procgrep,0,answer,0,0,1,0,484d1c9af3b07511d2c0892166110387642d889f88b80bfc6927a7dc324de83e
agentskill-observability-paper-A3,agentskill-observability-paper,A,A3,counts,0,answer,0,0,1,0,484d1c9af3b07511d2c0892166110387642d889f88b80bfc6927a7dc324de83e
agentskill-observability-paper-A3,agentskill-observability-paper,A,A3,final_state,0,abstain,,0,0,0,484d1c9af3b07511d2c0892166110387642d889f88b80bfc6927a7dc324de83e
agentskill-observability-paper-A3,agentskill-observability-paper,A,A3,trajectory,0,answer,0,0,1,0,484d1c9af3b07511d2c0892166110387642d889f88b80bfc6927a7dc324de83e
agentskill-observability-paper-A4,agentskill-observability-paper,A,A4,procgrep,0,answer,3,3,1,0,484d1c9af3b07511d2c0892166110387642d889f88b80bfc6927a7dc324de83e
agentskill-observability-paper-A4,agentskill-observability-paper,A,A4,counts,0,abstain,,3,0,0,484d1c9af3b07511d2c0892166110387642d889f88b80bfc6927a7dc324de83e
agentskill-observability-paper-A4,agentskill-observability-paper,A,A4,final_state,0,abstain,,3,0,0,484d1c9af3b07511d2c0892166110387642d889f88b80bfc6927a7dc324de83e
agentskill-observability-paper-A4,agentskill-observability-paper,A,A4,trajectory,0,answer,3,3,1,0,484d1c9af3b07511d2c0892166110387642d889f88b80bfc6927a7dc324de83e
agentskill-observability-paper-A5,agentskill-observability-paper,A,A5,procgrep,0,answer,0,0,1,0,484d1c9af3b07511d2c0892166110387642d889f88b80bfc6927a7dc324de83e
agentskill-observability-paper-A5,agentskill-observability-paper,A,A5,counts,0,abstain,,0,0,0,484d1c9af3b07511d2c0892166110387642d889f88b80bfc6927a7dc324de83e
agentskill-observability-paper-A5,agentskill-observability-paper,A,A5,final_state,0,abstain,,0,0,0,484d1c9af3b07511d2c0892166110387642d889f88b80bfc6927a7dc324de83e
agentskill-observability-paper-A5,agentskill-observability-paper,A,A5,trajectory,0,answer,0,0,1,0,484d1c9af3b07511d2c0892166110387642d889f88b80bfc6927a7dc324de83e
agentskill-observability-paper-B1,agentskill-observability-paper,B,B1,procgrep,0,abstain,,237,0,0,484d1c9af3b07511d2c0892166110387642d889f88b80bfc6927a7dc324de83e
agentskill-observability-paper-B1,agentskill-observability-paper,B,B1,counts,0,abstain,,237,0,0,484d1c9af3b07511d2c0892166110387642d889f88b80bfc6927a7dc324de83e
agentskill-observability-paper-B1,agentskill-observability-paper,B,B1,final_state,0,abstain,,237,0,0,484d1c9af3b07511d2c0892166110387642d889f88b80bfc6927a7dc324de83e
agentskill-observability-paper-B1,agentskill-observability-paper,B,B1,trajectory,0,answer,237,237,1,0,484d1c9af3b07511d2c0892166110387642d889f88b80bfc6927a7dc324de83e
agentskill-observability-paper-B2,agentskill-observability-paper,B,B2,procgrep,0,abstain,,125,0,0,484d1c9af3b07511d2c0892166110387642d889f88b80bfc6927a7dc324de83e
agentskill-observability-paper-B2,agentskill-observability-paper,B,B2,counts,0,abstain,,125,0,0,484d1c9af3b07511d2c0892166110387642d889f88b80bfc6927a7dc324de83e
agentskill-observability-paper-B2,agentskill-observability-paper,B,B2,final_state,0,abstain,,125,0,0,484d1c9af3b07511d2c0892166110387642d889f88b80bfc6927a7dc324de83e
agentskill-observability-paper-B2,agentskill-observability-paper,B,B2,trajectory,0,answer,125,125,1,0,484d1c9af3b07511d2c0892166110387642d889f88b80bfc6927a7dc324de83e
agentskill-observability-paper-B3,agentskill-observability-paper,B,B3,procgrep,0,abstain,,112,0,0,484d1c9af3b07511d2c0892166110387642d889f88b80bfc6927a7dc324de83e
agentskill-observability-paper-B3,agentskill-observability-paper,B,B3,counts,0,abstain,,112,0,0,484d1c9af3b07511d2c0892166110387642d889f88b80bfc6927a7dc324de83e
agentskill-observability-paper-B3,agentskill-observability-paper,B,B3,final_state,0,abstain,,112,0,0,484d1c9af3b07511d2c0892166110387642d889f88b80bfc6927a7dc324de83e
agentskill-observability-paper-B3,agentskill-observability-paper,B,B3,trajectory,0,answer,112,112,1,0,484d1c9af3b07511d2c0892166110387642d889f88b80bfc6927a7dc324de83e
agentskill-observability-paper-B4,agentskill-observability-paper,B,B4,procgrep,0,abstain,,read,0,0,484d1c9af3b07511d2c0892166110387642d889f88b80bfc6927a7dc324de83e
agentskill-observability-paper-B4,agentskill-observability-paper,B,B4,counts,0,abstain,,read,0,0,484d1c9af3b07511d2c0892166110387642d889f88b80bfc6927a7dc324de83e
agentskill-observability-paper-B4,agentskill-observability-paper,B,B4,final_state,0,abstain,,read,0,0,484d1c9af3b07511d2c0892166110387642d889f88b80bfc6927a7dc324de83e
agentskill-observability-paper-B4,agentskill-observability-paper,B,B4,trajectory,0,answer,read,read,1,0,484d1c9af3b07511d2c0892166110387642d889f88b80bfc6927a7dc324de83e
agentskill-observability-paper-B5,agentskill-observability-paper,B,B5,procgrep,0,abstain,,10,0,0,484d1c9af3b07511d2c0892166110387642d889f88b80bfc6927a7dc324de83e
agentskill-observability-paper-B5,agentskill-observability-paper,B,B5,counts,0,abstain,,10,0,0,484d1c9af3b07511d2c0892166110387642d889f88b80bfc6927a7dc324de83e
agentskill-observability-paper-B5,agentskill-observability-paper,B,B5,final_state,0,abstain,,10,0,0,484d1c9af3b07511d2c0892166110387642d889f88b80bfc6927a7dc324de83e
agentskill-observability-paper-B5,agentskill-observability-paper,B,B5,trajectory,0,answer,10,10,1,0,484d1c9af3b07511d2c0892166110387642d889f88b80bfc6927a7dc324de83e
agentskill-observability-paper-C1,agentskill-observability-paper,C,C1,procgrep,0,abstain,,8,0,0,484d1c9af3b07511d2c0892166110387642d889f88b80bfc6927a7dc324de83e
agentskill-observability-paper-C1,agentskill-observability-paper,C,C1,counts,0,abstain,,8,0,0,484d1c9af3b07511d2c0892166110387642d889f88b80bfc6927a7dc324de83e
agentskill-observability-paper-C1,agentskill-observability-paper,C,C1,final_state,0,abstain,,8,0,0,484d1c9af3b07511d2c0892166110387642d889f88b80bfc6927a7dc324de83e
agentskill-observability-paper-C1,agentskill-observability-paper,C,C1,trajectory,0,answer,8,8,1,0,484d1c9af3b07511d2c0892166110387642d889f88b80bfc6927a7dc324de83e
agentskill-observability-paper-C2,agentskill-observability-paper,C,C2,procgrep,0,abstain,,9,0,0,484d1c9af3b07511d2c0892166110387642d889f88b80bfc6927a7dc324de83e
agentskill-observability-paper-C2,agentskill-observability-paper,C,C2,counts,0,abstain,,9,0,0,484d1c9af3b07511d2c0892166110387642d889f88b80bfc6927a7dc324de83e
agentskill-observability-paper-C2,agentskill-observability-paper,C,C2,final_state,0,abstain,,9,0,0,484d1c9af3b07511d2c0892166110387642d889f88b80bfc6927a7dc324de83e
agentskill-observability-paper-C2,agentskill-observability-paper,C,C2,trajectory,0,answer,9,9,1,0,484d1c9af3b07511d2c0892166110387642d889f88b80bfc6927a7dc324de83e
agentskill-observability-paper-C3,agentskill-observability-paper,C,C3,procgrep,0,abstain,,1,0,0,484d1c9af3b07511d2c0892166110387642d889f88b80bfc6927a7dc324de83e
agentskill-observability-paper-C3,agentskill-observability-paper,C,C3,counts,0,abstain,,1,0,0,484d1c9af3b07511d2c0892166110387642d889f88b80bfc6927a7dc324de83e
agentskill-observability-paper-C3,agentskill-observability-paper,C,C3,final_state,0,abstain,,1,0,0,484d1c9af3b07511d2c0892166110387642d889f88b80bfc6927a7dc324de83e
agentskill-observability-paper-C3,agentskill-observability-paper,C,C3,trajectory,0,answer,1,1,1,0,484d1c9af3b07511d2c0892166110387642d889f88b80bfc6927a7dc324de83e
agentskill-observability-paper-C4,agentskill-observability-paper,C,C4,procgrep,0,abstain,,11,0,0,484d1c9af3b07511d2c0892166110387642d889f88b80bfc6927a7dc324de83e
agentskill-observability-paper-C4,agentskill-observability-paper,C,C4,counts,0,abstain,,11,0,0,484d1c9af3b07511d2c0892166110387642d889f88b80bfc6927a7dc324de83e
agentskill-observability-paper-C4,agentskill-observability-paper,C,C4,final_state,0,abstain,,11,0,0,484d1c9af3b07511d2c0892166110387642d889f88b80bfc6927a7dc324de83e
agentskill-observability-paper-C4,agentskill-observability-paper,C,C4,trajectory,0,answer,11,11,1,0,484d1c9af3b07511d2c0892166110387642d889f88b80bfc6927a7dc324de83e
agentskill-observability-paper-C5,agentskill-observability-paper,C,C5,procgrep,0,abstain,,2,0,0,484d1c9af3b07511d2c0892166110387642d889f88b80bfc6927a7dc324de83e
agentskill-observability-paper-C5,agentskill-observability-paper,C,C5,counts,0,abstain,,2,0,0,484d1c9af3b07511d2c0892166110387642d889f88b80bfc6927a7dc324de83e
agentskill-observability-paper-C5,agentskill-observability-paper,C,C5,final_state,0,abstain,,2,0,0,484d1c9af3b07511d2c0892166110387642d889f88b80bfc6927a7dc324de83e
agentskill-observability-paper-C5,agentskill-observability-paper,C,C5,trajectory,0,answer,2,2,1,0,484d1c9af3b07511d2c0892166110387642d889f88b80bfc6927a7dc324de83e
agentskill-observability-paper-D1,agentskill-observability-paper,D,D1,procgrep,0,abstain,,tracked,0,0,484d1c9af3b07511d2c0892166110387642d889f88b80bfc6927a7dc324de83e
agentskill-observability-paper-D1,agentskill-observability-paper,D,D1,counts,0,abstain,,tracked,0,0,484d1c9af3b07511d2c0892166110387642d889f88b80bfc6927a7dc324de83e
agentskill-observability-paper-D1,agentskill-observability-paper,D,D1,final_state,0,answer,tracked,tracked,1,0,484d1c9af3b07511d2c0892166110387642d889f88b80bfc6927a7dc324de83e
agentskill-observability-paper-D1,agentskill-observability-paper,D,D1,trajectory,0,answer,tracked,tracked,1,0,484d1c9af3b07511d2c0892166110387642d889f88b80bfc6927a7dc324de83e
agentskill-observability-paper-D2,agentskill-observability-paper,D,D2,procgrep,0,abstain,,tracked,0,0,484d1c9af3b07511d2c0892166110387642d889f88b80bfc6927a7dc324de83e
agentskill-observability-paper-D2,agentskill-observability-paper,D,D2,counts,0,abstain,,tracked,0,0,484d1c9af3b07511d2c0892166110387642d889f88b80bfc6927a7dc324de83e
agentskill-observability-paper-D2,agentskill-observability-paper,D,D2,final_state,0,answer,tracked,tracked,1,0,484d1c9af3b07511d2c0892166110387642d889f88b80bfc6927a7dc324de83e
agentskill-observability-paper-D2,agentskill-observability-paper,D,D2,trajectory,0,answer,tracked,tracked,1,0,484d1c9af3b07511d2c0892166110387642d889f88b80bfc6927a7dc324de83e
agentskill-observability-paper-D3,agentskill-observability-paper,D,D3,procgrep,0,abstain,,tracked,0,0,484d1c9af3b07511d2c0892166110387642d889f88b80bfc6927a7dc324de83e
agentskill-observability-paper-D3,agentskill-observability-paper,D,D3,counts,0,abstain,,tracked,0,0,484d1c9af3b07511d2c0892166110387642d889f88b80bfc6927a7dc324de83e
agentskill-observability-paper-D3,agentskill-observability-paper,D,D3,final_state,0,answer,tracked,tracked,1,0,484d1c9af3b07511d2c0892166110387642d889f88b80bfc6927a7dc324de83e
agentskill-observability-paper-D3,agentskill-observability-paper,D,D3,trajectory,0,answer,tracked,tracked,1,0,484d1c9af3b07511d2c0892166110387642d889f88b80bfc6927a7dc324de83e
agentskill-observability-paper-D4,agentskill-observability-paper,D,D4,procgrep,0,abstain,,tracked,0,0,484d1c9af3b07511d2c0892166110387642d889f88b80bfc6927a7dc324de83e
agentskill-observability-paper-D4,agentskill-observability-paper,D,D4,counts,0,abstain,,tracked,0,0,484d1c9af3b07511d2c0892166110387642d889f88b80bfc6927a7dc324de83e
agentskill-observability-paper-D4,agentskill-observability-paper,D,D4,final_state,0,answer,tracked,tracked,1,0,484d1c9af3b07511d2c0892166110387642d889f88b80bfc6927a7dc324de83e
agentskill-observability-paper-D4,agentskill-observability-paper,D,D4,trajectory,0,answer,tracked,tracked,1,0,484d1c9af3b07511d2c0892166110387642d889f88b80bfc6927a7dc324de83e
agentskill-observability-paper-D5,agentskill-observability-paper,D,D5,procgrep,0,abstain,,tracked,0,0,484d1c9af3b07511d2c0892166110387642d889f88b80bfc6927a7dc324de83e
agentskill-observability-paper-D5,agentskill-observability-paper,D,D5,counts,0,abstain,,tracked,0,0,484d1c9af3b07511d2c0892166110387642d889f88b80bfc6927a7dc324de83e
agentskill-observability-paper-D5,agentskill-observability-paper,D,D5,final_state,0,answer,tracked,tracked,1,0,484d1c9af3b07511d2c0892166110387642d889f88b80bfc6927a7dc324de83e
agentskill-observability-paper-D5,agentskill-observability-paper,D,D5,trajectory,0,answer,tracked,tracked,1,0,484d1c9af3b07511d2c0892166110387642d889f88b80bfc6927a7dc324de83e
academic-writing-skills-A1,academic-writing-skills,A,A1,procgrep,0,answer,109,112,0,1,484d1c9af3b07511d2c0892166110387642d889f88b80bfc6927a7dc324de83e
academic-writing-skills-A1,academic-writing-skills,A,A1,counts,0,answer,109,112,0,1,484d1c9af3b07511d2c0892166110387642d889f88b80bfc6927a7dc324de83e
academic-writing-skills-A1,academic-writing-skills,A,A1,final_state,0,abstain,,112,0,0,484d1c9af3b07511d2c0892166110387642d889f88b80bfc6927a7dc324de83e
academic-writing-skills-A1,academic-writing-skills,A,A1,trajectory,0,answer,109,112,0,1,484d1c9af3b07511d2c0892166110387642d889f88b80bfc6927a7dc324de83e
academic-writing-skills-A2,academic-writing-skills,A,A2,procgrep,0,answer,357,357,1,0,484d1c9af3b07511d2c0892166110387642d889f88b80bfc6927a7dc324de83e
academic-writing-skills-A2,academic-writing-skills,A,A2,counts,0,answer,357,357,1,0,484d1c9af3b07511d2c0892166110387642d889f88b80bfc6927a7dc324de83e
academic-writing-skills-A2,academic-writing-skills,A,A2,final_state,0,abstain,,357,0,0,484d1c9af3b07511d2c0892166110387642d889f88b80bfc6927a7dc324de83e
academic-writing-skills-A2,academic-writing-skills,A,A2,trajectory,0,answer,357,357,1,0,484d1c9af3b07511d2c0892166110387642d889f88b80bfc6927a7dc324de83e
academic-writing-skills-A3,academic-writing-skills,A,A3,procgrep,0,answer,0,0,1,0,484d1c9af3b07511d2c0892166110387642d889f88b80bfc6927a7dc324de83e
academic-writing-skills-A3,academic-writing-skills,A,A3,counts,0,answer,0,0,1,0,484d1c9af3b07511d2c0892166110387642d889f88b80bfc6927a7dc324de83e
academic-writing-skills-A3,academic-writing-skills,A,A3,final_state,0,abstain,,0,0,0,484d1c9af3b07511d2c0892166110387642d889f88b80bfc6927a7dc324de83e
academic-writing-skills-A3,academic-writing-skills,A,A3,trajectory,0,answer,0,0,1,0,484d1c9af3b07511d2c0892166110387642d889f88b80bfc6927a7dc324de83e
academic-writing-skills-A4,academic-writing-skills,A,A4,procgrep,0,answer,5,5,1,0,484d1c9af3b07511d2c0892166110387642d889f88b80bfc6927a7dc324de83e
academic-writing-skills-A4,academic-writing-skills,A,A4,counts,0,abstain,,5,0,0,484d1c9af3b07511d2c0892166110387642d889f88b80bfc6927a7dc324de83e
academic-writing-skills-A4,academic-writing-skills,A,A4,final_state,0,abstain,,5,0,0,484d1c9af3b07511d2c0892166110387642d889f88b80bfc6927a7dc324de83e
academic-writing-skills-A4,academic-writing-skills,A,A4,trajectory,0,answer,5,5,1,0,484d1c9af3b07511d2c0892166110387642d889f88b80bfc6927a7dc324de83e
academic-writing-skills-A5,academic-writing-skills,A,A5,procgrep,0,answer,0,0,1,0,484d1c9af3b07511d2c0892166110387642d889f88b80bfc6927a7dc324de83e
academic-writing-skills-A5,academic-writing-skills,A,A5,counts,0,abstain,,0,0,0,484d1c9af3b07511d2c0892166110387642d889f88b80bfc6927a7dc324de83e
academic-writing-skills-A5,academic-writing-skills,A,A5,final_state,0,abstain,,0,0,0,484d1c9af3b07511d2c0892166110387642d889f88b80bfc6927a7dc324de83e
academic-writing-skills-A5,academic-writing-skills,A,A5,trajectory,0,answer,0,0,1,0,484d1c9af3b07511d2c0892166110387642d889f88b80bfc6927a7dc324de83e
academic-writing-skills-B1,academic-writing-skills,B,B1,procgrep,0,abstain,,90,0,0,484d1c9af3b07511d2c0892166110387642d889f88b80bfc6927a7dc324de83e
academic-writing-skills-B1,academic-writing-skills,B,B1,counts,0,abstain,,90,0,0,484d1c9af3b07511d2c0892166110387642d889f88b80bfc6927a7dc324de83e
academic-writing-skills-B1,academic-writing-skills,B,B1,final_state,0,abstain,,90,0,0,484d1c9af3b07511d2c0892166110387642d889f88b80bfc6927a7dc324de83e
academic-writing-skills-B1,academic-writing-skills,B,B1,trajectory,0,answer,90,90,1,0,484d1c9af3b07511d2c0892166110387642d889f88b80bfc6927a7dc324de83e
academic-writing-skills-B2,academic-writing-skills,B,B2,procgrep,0,abstain,,16,0,0,484d1c9af3b07511d2c0892166110387642d889f88b80bfc6927a7dc324de83e
academic-writing-skills-B2,academic-writing-skills,B,B2,counts,0,abstain,,16,0,0,484d1c9af3b07511d2c0892166110387642d889f88b80bfc6927a7dc324de83e
academic-writing-skills-B2,academic-writing-skills,B,B2,final_state,0,abstain,,16,0,0,484d1c9af3b07511d2c0892166110387642d889f88b80bfc6927a7dc324de83e
academic-writing-skills-B2,academic-writing-skills,B,B2,trajectory,0,answer,16,16,1,0,484d1c9af3b07511d2c0892166110387642d889f88b80bfc6927a7dc324de83e
academic-writing-skills-B3,academic-writing-skills,B,B3,procgrep,0,abstain,,74,0,0,484d1c9af3b07511d2c0892166110387642d889f88b80bfc6927a7dc324de83e
academic-writing-skills-B3,academic-writing-skills,B,B3,counts,0,abstain,,74,0,0,484d1c9af3b07511d2c0892166110387642d889f88b80bfc6927a7dc324de83e
academic-writing-skills-B3,academic-writing-skills,B,B3,final_state,0,abstain,,74,0,0,484d1c9af3b07511d2c0892166110387642d889f88b80bfc6927a7dc324de83e
academic-writing-skills-B3,academic-writing-skills,B,B3,trajectory,0,answer,74,74,1,0,484d1c9af3b07511d2c0892166110387642d889f88b80bfc6927a7dc324de83e
academic-writing-skills-B4,academic-writing-skills,B,B4,procgrep,0,abstain,,read,0,0,484d1c9af3b07511d2c0892166110387642d889f88b80bfc6927a7dc324de83e
academic-writing-skills-B4,academic-writing-skills,B,B4,counts,0,abstain,,read,0,0,484d1c9af3b07511d2c0892166110387642d889f88b80bfc6927a7dc324de83e
academic-writing-skills-B4,academic-writing-skills,B,B4,final_state,0,abstain,,read,0,0,484d1c9af3b07511d2c0892166110387642d889f88b80bfc6927a7dc324de83e
academic-writing-skills-B4,academic-writing-skills,B,B4,trajectory,0,answer,read,read,1,0,484d1c9af3b07511d2c0892166110387642d889f88b80bfc6927a7dc324de83e
academic-writing-skills-B5,academic-writing-skills,B,B5,procgrep,0,abstain,,6,0,0,484d1c9af3b07511d2c0892166110387642d889f88b80bfc6927a7dc324de83e
academic-writing-skills-B5,academic-writing-skills,B,B5,counts,0,abstain,,6,0,0,484d1c9af3b07511d2c0892166110387642d889f88b80bfc6927a7dc324de83e
academic-writing-skills-B5,academic-writing-skills,B,B5,final_state,0,abstain,,6,0,0,484d1c9af3b07511d2c0892166110387642d889f88b80bfc6927a7dc324de83e
academic-writing-skills-B5,academic-writing-skills,B,B5,trajectory,0,answer,6,6,1,0,484d1c9af3b07511d2c0892166110387642d889f88b80bfc6927a7dc324de83e
academic-writing-skills-C1,academic-writing-skills,C,C1,procgrep,0,abstain,,6,0,0,484d1c9af3b07511d2c0892166110387642d889f88b80bfc6927a7dc324de83e
academic-writing-skills-C1,academic-writing-skills,C,C1,counts,0,abstain,,6,0,0,484d1c9af3b07511d2c0892166110387642d889f88b80bfc6927a7dc324de83e
academic-writing-skills-C1,academic-writing-skills,C,C1,final_state,0,abstain,,6,0,0,484d1c9af3b07511d2c0892166110387642d889f88b80bfc6927a7dc324de83e
academic-writing-skills-C1,academic-writing-skills,C,C1,trajectory,0,answer,6,6,1,0,484d1c9af3b07511d2c0892166110387642d889f88b80bfc6927a7dc324de83e
academic-writing-skills-C2,academic-writing-skills,C,C2,procgrep,0,abstain,,9,0,0,484d1c9af3b07511d2c0892166110387642d889f88b80bfc6927a7dc324de83e
academic-writing-skills-C2,academic-writing-skills,C,C2,counts,0,abstain,,9,0,0,484d1c9af3b07511d2c0892166110387642d889f88b80bfc6927a7dc324de83e
academic-writing-skills-C2,academic-writing-skills,C,C2,final_state,0,abstain,,9,0,0,484d1c9af3b07511d2c0892166110387642d889f88b80bfc6927a7dc324de83e
academic-writing-skills-C2,academic-writing-skills,C,C2,trajectory,0,answer,8,9,0,1,484d1c9af3b07511d2c0892166110387642d889f88b80bfc6927a7dc324de83e
academic-writing-skills-C3,academic-writing-skills,C,C3,procgrep,0,abstain,,2,0,0,484d1c9af3b07511d2c0892166110387642d889f88b80bfc6927a7dc324de83e
academic-writing-skills-C3,academic-writing-skills,C,C3,counts,0,abstain,,2,0,0,484d1c9af3b07511d2c0892166110387642d889f88b80bfc6927a7dc324de83e
academic-writing-skills-C3,academic-writing-skills,C,C3,final_state,0,abstain,,2,0,0,484d1c9af3b07511d2c0892166110387642d889f88b80bfc6927a7dc324de83e
academic-writing-skills-C3,academic-writing-skills,C,C3,trajectory,0,answer,2,2,1,0,484d1c9af3b07511d2c0892166110387642d889f88b80bfc6927a7dc324de83e
academic-writing-skills-C4,academic-writing-skills,C,C4,procgrep,0,abstain,,11,0,0,484d1c9af3b07511d2c0892166110387642d889f88b80bfc6927a7dc324de83e
academic-writing-skills-C4,academic-writing-skills,C,C4,counts,0,abstain,,11,0,0,484d1c9af3b07511d2c0892166110387642d889f88b80bfc6927a7dc324de83e
academic-writing-skills-C4,academic-writing-skills,C,C4,final_state,0,abstain,,11,0,0,484d1c9af3b07511d2c0892166110387642d889f88b80bfc6927a7dc324de83e
academic-writing-skills-C4,academic-writing-skills,C,C4,trajectory,0,answer,11,11,1,0,484d1c9af3b07511d2c0892166110387642d889f88b80bfc6927a7dc324de83e
academic-writing-skills-C5,academic-writing-skills,C,C5,procgrep,0,abstain,,23,0,0,484d1c9af3b07511d2c0892166110387642d889f88b80bfc6927a7dc324de83e
academic-writing-skills-C5,academic-writing-skills,C,C5,counts,0,abstain,,23,0,0,484d1c9af3b07511d2c0892166110387642d889f88b80bfc6927a7dc324de83e
academic-writing-skills-C5,academic-writing-skills,C,C5,final_state,0,abstain,,23,0,0,484d1c9af3b07511d2c0892166110387642d889f88b80bfc6927a7dc324de83e
academic-writing-skills-C5,academic-writing-skills,C,C5,trajectory,0,answer,23,23,1,0,484d1c9af3b07511d2c0892166110387642d889f88b80bfc6927a7dc324de83e
academic-writing-skills-D1,academic-writing-skills,D,D1,procgrep,0,abstain,,tracked,0,0,484d1c9af3b07511d2c0892166110387642d889f88b80bfc6927a7dc324de83e
academic-writing-skills-D1,academic-writing-skills,D,D1,counts,0,abstain,,tracked,0,0,484d1c9af3b07511d2c0892166110387642d889f88b80bfc6927a7dc324de83e
academic-writing-skills-D1,academic-writing-skills,D,D1,final_state,0,answer,tracked,tracked,1,0,484d1c9af3b07511d2c0892166110387642d889f88b80bfc6927a7dc324de83e
academic-writing-skills-D1,academic-writing-skills,D,D1,trajectory,0,answer,tracked,tracked,1,0,484d1c9af3b07511d2c0892166110387642d889f88b80bfc6927a7dc324de83e
academic-writing-skills-D2,academic-writing-skills,D,D2,procgrep,0,abstain,,tracked,0,0,484d1c9af3b07511d2c0892166110387642d889f88b80bfc6927a7dc324de83e
academic-writing-skills-D2,academic-writing-skills,D,D2,counts,0,abstain,,tracked,0,0,484d1c9af3b07511d2c0892166110387642d889f88b80bfc6927a7dc324de83e
academic-writing-skills-D2,academic-writing-skills,D,D2,final_state,0,answer,tracked,tracked,1,0,484d1c9af3b07511d2c0892166110387642d889f88b80bfc6927a7dc324de83e
academic-writing-skills-D2,academic-writing-skills,D,D2,trajectory,0,answer,tracked,tracked,1,0,484d1c9af3b07511d2c0892166110387642d889f88b80bfc6927a7dc324de83e
academic-writing-skills-D3,academic-writing-skills,D,D3,procgrep,0,abstain,,tracked,0,0,484d1c9af3b07511d2c0892166110387642d889f88b80bfc6927a7dc324de83e
academic-writing-skills-D3,academic-writing-skills,D,D3,counts,0,abstain,,tracked,0,0,484d1c9af3b07511d2c0892166110387642d889f88b80bfc6927a7dc324de83e
academic-writing-skills-D3,academic-writing-skills,D,D3,final_state,0,answer,tracked,tracked,1,0,484d1c9af3b07511d2c0892166110387642d889f88b80bfc6927a7dc324de83e
academic-writing-skills-D3,academic-writing-skills,D,D3,trajectory,0,answer,tracked,tracked,1,0,484d1c9af3b07511d2c0892166110387642d889f88b80bfc6927a7dc324de83e
academic-writing-skills-D4,academic-writing-skills,D,D4,procgrep,0,abstain,,tracked,0,0,484d1c9af3b07511d2c0892166110387642d889f88b80bfc6927a7dc324de83e
academic-writing-skills-D4,academic-writing-skills,D,D4,counts,0,abstain,,tracked,0,0,484d1c9af3b07511d2c0892166110387642d889f88b80bfc6927a7dc324de83e
academic-writing-skills-D4,academic-writing-skills,D,D4,final_state,0,answer,tracked,tracked,1,0,484d1c9af3b07511d2c0892166110387642d889f88b80bfc6927a7dc324de83e
academic-writing-skills-D4,academic-writing-skills,D,D4,trajectory,0,answer,tracked,tracked,1,0,484d1c9af3b07511d2c0892166110387642d889f88b80bfc6927a7dc324de83e
academic-writing-skills-D5,academic-writing-skills,D,D5,procgrep,0,abstain,,tracked,0,0,484d1c9af3b07511d2c0892166110387642d889f88b80bfc6927a7dc324de83e
academic-writing-skills-D5,academic-writing-skills,D,D5,counts,0,abstain,,tracked,0,0,484d1c9af3b07511d2c0892166110387642d889f88b80bfc6927a7dc324de83e
academic-writing-skills-D5,academic-writing-skills,D,D5,final_state,0,answer,tracked,tracked,1,0,484d1c9af3b07511d2c0892166110387642d889f88b80bfc6927a7dc324de83e
academic-writing-skills-D5,academic-writing-skills,D,D5,trajectory,0,answer,tracked,tracked,1,0,484d1c9af3b07511d2c0892166110387642d889f88b80bfc6927a7dc324de83e
