protocol,task,dataset,objectives,exact_best,within_tolerance,dominant_selected_view,selected_views,hard_counterexamples
leave_dataset,agentnet_incorrect_step,agentnet,8,4,7,flat,"{""dataset_native"": 1, ""flat"": 4, ""operation_stack"": 2, ""raw_action_stack"": 1}",sequence_budget30_session_recall->raw_action_stack:width rank 10
leave_dataset,agentnet_redundant_step,agentnet,8,5,7,flat,"{""dataset_native"": 1, ""flat"": 4, ""operation_stack"": 2, ""raw_action_stack"": 1}",sequence_budget30_session_recall->raw_action_stack:width rank 8
leave_dataset,agentreward_looping,agent-reward-bench,8,2,4,flat,"{""dataset_native"": 3, ""fixed_session"": 1, ""flat"": 4}",ranking_fidelity_ap->dataset_native:query_aware rank 5; budget30_operation_recall->dataset_native:query_aware rank 6; first_positive_work->fixed_session:query_aware rank 3
leave_dataset,agentreward_side_effect,agent-reward-bench,8,1,3,flat,"{""dataset_native"": 3, ""fixed_session"": 1, ""flat"": 4}",ranking_fidelity_ap->dataset_native:query_aware rank 2; top5_localization_f1->flat:query_aware rank 6; budget30_operation_recall->dataset_native:query_aware rank 8
leave_dataset,osworld_group_start,osworld-human,8,2,5,flat,"{""dataset_native"": 1, ""flat"": 3, ""operation_stack"": 2, ""raw_action_stack"": 2}",ranking_fidelity_ap->dataset_native:query_aware rank 8; budget30_operation_recall->operation_stack:query_aware rank 6; sequence_budget30_session_recall->raw_action_stack:visible_risk rank 6
leave_dataset,satraj_unsafe,satraj-os-safety,8,1,4,flat,"{""fixed_session"": 2, ""flat"": 3, ""operation_stack"": 1, ""raw_action_stack"": 2}",ranking_fidelity_ap->fixed_session:width rank 15; top5_localization_f1->raw_action_stack:width rank 9; budget30_operation_recall->fixed_session:width rank 12
leave_task,agentnet_incorrect_step,agentnet,8,4,7,flat,"{""dataset_native"": 1, ""flat"": 4, ""operation_stack"": 2, ""raw_action_stack"": 1}",sequence_budget30_session_recall->raw_action_stack:width rank 10
leave_task,agentnet_redundant_step,agentnet,8,5,7,flat,"{""dataset_native"": 1, ""flat"": 4, ""operation_stack"": 2, ""raw_action_stack"": 1}",sequence_budget30_session_recall->raw_action_stack:width rank 8
leave_task,agentreward_looping,agent-reward-bench,8,3,5,flat,"{""dataset_native"": 1, ""flat"": 4, ""operation_stack"": 2, ""raw_action_stack"": 1}",ranking_fidelity_ap->dataset_native:query_aware rank 5; first_positive_work->operation_stack:visible_risk rank 5; sequence_budget30_session_recall->raw_action_stack:query_aware rank 5
leave_task,agentreward_side_effect,agent-reward-bench,8,1,4,flat,"{""dataset_native"": 2, ""fixed_session"": 1, ""flat"": 4, ""raw_action_stack"": 1}",ranking_fidelity_ap->dataset_native:query_aware rank 2; top5_localization_f1->flat:query_aware rank 6; budget30_operation_recall->dataset_native:query_aware rank 8
leave_task,osworld_group_start,osworld-human,8,2,5,flat,"{""dataset_native"": 1, ""flat"": 3, ""operation_stack"": 2, ""raw_action_stack"": 2}",ranking_fidelity_ap->dataset_native:query_aware rank 8; budget30_operation_recall->operation_stack:query_aware rank 6; sequence_budget30_session_recall->raw_action_stack:visible_risk rank 6
leave_task,satraj_unsafe,satraj-os-safety,8,1,4,flat,"{""fixed_session"": 2, ""flat"": 3, ""operation_stack"": 1, ""raw_action_stack"": 2}",ranking_fidelity_ap->fixed_session:width rank 15; top5_localization_f1->raw_action_stack:width rank 9; budget30_operation_recall->fixed_session:width rank 12
