id,project,family,template,method,repetition,status,answer,expected,original_frozen_expected,correct,wrong,scoreable,cell_terminal_status,question_spec_sha256
agentsight-A1,agentsight,A,A1,raw_model,1,answer,113,97,81,0,1,1,complete,484d1c9af3b07511d2c0892166110387642d889f88b80bfc6927a7dc324de83e
agentsight-A2,agentsight,A,A2,raw_model,1,answer,6,6,19,1,0,1,complete,484d1c9af3b07511d2c0892166110387642d889f88b80bfc6927a7dc324de83e
agentsight-A3,agentsight,A,A3,raw_model,1,answer,11,13,13,0,1,1,complete,484d1c9af3b07511d2c0892166110387642d889f88b80bfc6927a7dc324de83e
agentsight-A4,agentsight,A,A4,raw_model,1,answer,1,1,1,1,0,1,complete,484d1c9af3b07511d2c0892166110387642d889f88b80bfc6927a7dc324de83e
agentsight-A5,agentsight,A,A5,raw_model,1,answer,1,1,1,1,0,1,complete,484d1c9af3b07511d2c0892166110387642d889f88b80bfc6927a7dc324de83e
agentsight-B1,agentsight,B,B1,raw_model,1,answer,22,21,21,0,1,1,complete,484d1c9af3b07511d2c0892166110387642d889f88b80bfc6927a7dc324de83e
agentsight-B2,agentsight,B,B2,raw_model,1,answer,18,17,17,0,1,1,complete,484d1c9af3b07511d2c0892166110387642d889f88b80bfc6927a7dc324de83e
agentsight-B3,agentsight,B,B3,raw_model,1,answer,4,4,4,1,0,1,complete,484d1c9af3b07511d2c0892166110387642d889f88b80bfc6927a7dc324de83e
agentsight-B4,agentsight,B,B4,raw_model,1,answer,read,read,read,1,0,1,complete,484d1c9af3b07511d2c0892166110387642d889f88b80bfc6927a7dc324de83e
agentsight-B5,agentsight,B,B5,raw_model,1,answer,1,1,1,1,0,1,complete,484d1c9af3b07511d2c0892166110387642d889f88b80bfc6927a7dc324de83e
agentsight-C1,agentsight,C,C1,raw_model,1,answer,1,1,1,1,0,1,complete,484d1c9af3b07511d2c0892166110387642d889f88b80bfc6927a7dc324de83e
agentsight-C2,agentsight,C,C2,raw_model,1,answer,1,1,1,1,0,1,complete,484d1c9af3b07511d2c0892166110387642d889f88b80bfc6927a7dc324de83e
agentsight-C3,agentsight,C,C3,raw_model,1,answer,0,0,0,1,0,1,complete,484d1c9af3b07511d2c0892166110387642d889f88b80bfc6927a7dc324de83e
agentsight-C4,agentsight,C,C4,raw_model,1,answer,0,0,0,1,0,1,complete,484d1c9af3b07511d2c0892166110387642d889f88b80bfc6927a7dc324de83e
agentsight-C5,agentsight,C,C5,raw_model,1,answer,2,2,2,1,0,1,complete,484d1c9af3b07511d2c0892166110387642d889f88b80bfc6927a7dc324de83e
agentsight-D1,agentsight,D,D1,raw_model,1,answer,tracked,tracked,tracked,1,0,1,complete,484d1c9af3b07511d2c0892166110387642d889f88b80bfc6927a7dc324de83e
agentsight-D2,agentsight,D,D2,raw_model,1,answer,tracked,tracked,tracked,1,0,1,complete,484d1c9af3b07511d2c0892166110387642d889f88b80bfc6927a7dc324de83e
agentsight-D3,agentsight,D,D3,raw_model,1,answer,tracked,tracked,tracked,1,0,1,complete,484d1c9af3b07511d2c0892166110387642d889f88b80bfc6927a7dc324de83e
agentsight-D4,agentsight,D,D4,raw_model,1,answer,tracked,tracked,tracked,1,0,1,complete,484d1c9af3b07511d2c0892166110387642d889f88b80bfc6927a7dc324de83e
agentsight-D5,agentsight,D,D5,raw_model,1,answer,absent,absent,absent,1,0,1,complete,484d1c9af3b07511d2c0892166110387642d889f88b80bfc6927a7dc324de83e
agentsight-A1,agentsight,A,A1,raw_model,2,answer,146,97,81,0,1,1,complete,484d1c9af3b07511d2c0892166110387642d889f88b80bfc6927a7dc324de83e
agentsight-A2,agentsight,A,A2,raw_model,2,answer,5648,6,19,0,1,1,complete,484d1c9af3b07511d2c0892166110387642d889f88b80bfc6927a7dc324de83e
agentsight-A3,agentsight,A,A3,raw_model,2,answer,13,13,13,1,0,1,complete,484d1c9af3b07511d2c0892166110387642d889f88b80bfc6927a7dc324de83e
agentsight-A4,agentsight,A,A4,raw_model,2,answer,1,1,1,1,0,1,complete,484d1c9af3b07511d2c0892166110387642d889f88b80bfc6927a7dc324de83e
agentsight-A5,agentsight,A,A5,raw_model,2,answer,2,1,1,0,1,1,complete,484d1c9af3b07511d2c0892166110387642d889f88b80bfc6927a7dc324de83e
agentsight-B1,agentsight,B,B1,raw_model,2,answer,15,21,21,0,1,1,complete,484d1c9af3b07511d2c0892166110387642d889f88b80bfc6927a7dc324de83e
agentsight-B2,agentsight,B,B2,raw_model,2,answer,11,17,17,0,1,1,complete,484d1c9af3b07511d2c0892166110387642d889f88b80bfc6927a7dc324de83e
agentsight-B3,agentsight,B,B3,raw_model,2,answer,4,4,4,1,0,1,complete,484d1c9af3b07511d2c0892166110387642d889f88b80bfc6927a7dc324de83e
agentsight-B4,agentsight,B,B4,raw_model,2,answer,read,read,read,1,0,1,complete,484d1c9af3b07511d2c0892166110387642d889f88b80bfc6927a7dc324de83e
agentsight-B5,agentsight,B,B5,raw_model,2,answer,1,1,1,1,0,1,complete,484d1c9af3b07511d2c0892166110387642d889f88b80bfc6927a7dc324de83e
agentsight-C1,agentsight,C,C1,raw_model,2,answer,1,1,1,1,0,1,complete,484d1c9af3b07511d2c0892166110387642d889f88b80bfc6927a7dc324de83e
agentsight-C2,agentsight,C,C2,raw_model,2,answer,1,1,1,1,0,1,complete,484d1c9af3b07511d2c0892166110387642d889f88b80bfc6927a7dc324de83e
agentsight-C3,agentsight,C,C3,raw_model,2,answer,0,0,0,1,0,1,complete,484d1c9af3b07511d2c0892166110387642d889f88b80bfc6927a7dc324de83e
agentsight-C4,agentsight,C,C4,raw_model,2,answer,0,0,0,1,0,1,complete,484d1c9af3b07511d2c0892166110387642d889f88b80bfc6927a7dc324de83e
agentsight-C5,agentsight,C,C5,raw_model,2,answer,2,2,2,1,0,1,complete,484d1c9af3b07511d2c0892166110387642d889f88b80bfc6927a7dc324de83e
agentsight-D1,agentsight,D,D1,raw_model,2,answer,tracked,tracked,tracked,1,0,1,complete,484d1c9af3b07511d2c0892166110387642d889f88b80bfc6927a7dc324de83e
agentsight-D2,agentsight,D,D2,raw_model,2,answer,tracked,tracked,tracked,1,0,1,complete,484d1c9af3b07511d2c0892166110387642d889f88b80bfc6927a7dc324de83e
agentsight-D3,agentsight,D,D3,raw_model,2,answer,tracked,tracked,tracked,1,0,1,complete,484d1c9af3b07511d2c0892166110387642d889f88b80bfc6927a7dc324de83e
agentsight-D4,agentsight,D,D4,raw_model,2,answer,tracked,tracked,tracked,1,0,1,complete,484d1c9af3b07511d2c0892166110387642d889f88b80bfc6927a7dc324de83e
agentsight-D5,agentsight,D,D5,raw_model,2,answer,absent,absent,absent,1,0,1,complete,484d1c9af3b07511d2c0892166110387642d889f88b80bfc6927a7dc324de83e
agentsight-A1,agentsight,A,A1,raw_model,3,abstain,,97,81,0,0,0,boundary_violation:tool_result_byte_cap,484d1c9af3b07511d2c0892166110387642d889f88b80bfc6927a7dc324de83e
agentsight-A2,agentsight,A,A2,raw_model,3,abstain,,6,19,0,0,0,boundary_violation:tool_result_byte_cap,484d1c9af3b07511d2c0892166110387642d889f88b80bfc6927a7dc324de83e
agentsight-A3,agentsight,A,A3,raw_model,3,abstain,,13,13,0,0,0,boundary_violation:tool_result_byte_cap,484d1c9af3b07511d2c0892166110387642d889f88b80bfc6927a7dc324de83e
agentsight-A4,agentsight,A,A4,raw_model,3,abstain,,1,1,0,0,0,boundary_violation:tool_result_byte_cap,484d1c9af3b07511d2c0892166110387642d889f88b80bfc6927a7dc324de83e
agentsight-A5,agentsight,A,A5,raw_model,3,abstain,,1,1,0,0,0,boundary_violation:tool_result_byte_cap,484d1c9af3b07511d2c0892166110387642d889f88b80bfc6927a7dc324de83e
agentsight-B1,agentsight,B,B1,raw_model,3,abstain,,21,21,0,0,0,boundary_violation:tool_result_byte_cap,484d1c9af3b07511d2c0892166110387642d889f88b80bfc6927a7dc324de83e
agentsight-B2,agentsight,B,B2,raw_model,3,abstain,,17,17,0,0,0,boundary_violation:tool_result_byte_cap,484d1c9af3b07511d2c0892166110387642d889f88b80bfc6927a7dc324de83e
agentsight-B3,agentsight,B,B3,raw_model,3,abstain,,4,4,0,0,0,boundary_violation:tool_result_byte_cap,484d1c9af3b07511d2c0892166110387642d889f88b80bfc6927a7dc324de83e
agentsight-B4,agentsight,B,B4,raw_model,3,abstain,,read,read,0,0,0,boundary_violation:tool_result_byte_cap,484d1c9af3b07511d2c0892166110387642d889f88b80bfc6927a7dc324de83e
agentsight-B5,agentsight,B,B5,raw_model,3,abstain,,1,1,0,0,0,boundary_violation:tool_result_byte_cap,484d1c9af3b07511d2c0892166110387642d889f88b80bfc6927a7dc324de83e
agentsight-C1,agentsight,C,C1,raw_model,3,abstain,,1,1,0,0,0,boundary_violation:tool_result_byte_cap,484d1c9af3b07511d2c0892166110387642d889f88b80bfc6927a7dc324de83e
agentsight-C2,agentsight,C,C2,raw_model,3,abstain,,1,1,0,0,0,boundary_violation:tool_result_byte_cap,484d1c9af3b07511d2c0892166110387642d889f88b80bfc6927a7dc324de83e
agentsight-C3,agentsight,C,C3,raw_model,3,abstain,,0,0,0,0,0,boundary_violation:tool_result_byte_cap,484d1c9af3b07511d2c0892166110387642d889f88b80bfc6927a7dc324de83e
agentsight-C4,agentsight,C,C4,raw_model,3,abstain,,0,0,0,0,0,boundary_violation:tool_result_byte_cap,484d1c9af3b07511d2c0892166110387642d889f88b80bfc6927a7dc324de83e
agentsight-C5,agentsight,C,C5,raw_model,3,abstain,,2,2,0,0,0,boundary_violation:tool_result_byte_cap,484d1c9af3b07511d2c0892166110387642d889f88b80bfc6927a7dc324de83e
agentsight-D1,agentsight,D,D1,raw_model,3,abstain,,tracked,tracked,0,0,0,boundary_violation:tool_result_byte_cap,484d1c9af3b07511d2c0892166110387642d889f88b80bfc6927a7dc324de83e
agentsight-D2,agentsight,D,D2,raw_model,3,abstain,,tracked,tracked,0,0,0,boundary_violation:tool_result_byte_cap,484d1c9af3b07511d2c0892166110387642d889f88b80bfc6927a7dc324de83e
agentsight-D3,agentsight,D,D3,raw_model,3,abstain,,tracked,tracked,0,0,0,boundary_violation:tool_result_byte_cap,484d1c9af3b07511d2c0892166110387642d889f88b80bfc6927a7dc324de83e
agentsight-D4,agentsight,D,D4,raw_model,3,abstain,,tracked,tracked,0,0,0,boundary_violation:tool_result_byte_cap,484d1c9af3b07511d2c0892166110387642d889f88b80bfc6927a7dc324de83e
agentsight-D5,agentsight,D,D5,raw_model,3,abstain,,absent,absent,0,0,0,boundary_violation:tool_result_byte_cap,484d1c9af3b07511d2c0892166110387642d889f88b80bfc6927a7dc324de83e
ActPlane-A1,ActPlane,A,A1,raw_model,1,answer,153,331,104,0,1,1,complete,484d1c9af3b07511d2c0892166110387642d889f88b80bfc6927a7dc324de83e
ActPlane-A2,ActPlane,A,A2,raw_model,1,answer,75,471,161,0,1,1,complete,484d1c9af3b07511d2c0892166110387642d889f88b80bfc6927a7dc324de83e
ActPlane-A3,ActPlane,A,A3,raw_model,1,answer,0,457,595,0,1,1,complete,484d1c9af3b07511d2c0892166110387642d889f88b80bfc6927a7dc324de83e
ActPlane-A4,ActPlane,A,A4,raw_model,1,answer,1,4,3,0,1,1,complete,484d1c9af3b07511d2c0892166110387642d889f88b80bfc6927a7dc324de83e
ActPlane-A5,ActPlane,A,A5,raw_model,1,answer,0,1,0,0,1,1,complete,484d1c9af3b07511d2c0892166110387642d889f88b80bfc6927a7dc324de83e
ActPlane-B1,ActPlane,B,B1,raw_model,1,answer,75,75,75,1,0,1,complete,484d1c9af3b07511d2c0892166110387642d889f88b80bfc6927a7dc324de83e
ActPlane-B2,ActPlane,B,B2,raw_model,1,answer,22,22,22,1,0,1,complete,484d1c9af3b07511d2c0892166110387642d889f88b80bfc6927a7dc324de83e
ActPlane-B3,ActPlane,B,B3,raw_model,1,answer,53,53,53,1,0,1,complete,484d1c9af3b07511d2c0892166110387642d889f88b80bfc6927a7dc324de83e
ActPlane-B4,ActPlane,B,B4,raw_model,1,answer,read,read,read,1,0,1,complete,484d1c9af3b07511d2c0892166110387642d889f88b80bfc6927a7dc324de83e
ActPlane-B5,ActPlane,B,B5,raw_model,1,answer,2,2,2,1,0,1,complete,484d1c9af3b07511d2c0892166110387642d889f88b80bfc6927a7dc324de83e
ActPlane-C1,ActPlane,C,C1,raw_model,1,answer,1,3,1,0,1,1,complete,484d1c9af3b07511d2c0892166110387642d889f88b80bfc6927a7dc324de83e
ActPlane-C2,ActPlane,C,C2,raw_model,1,answer,1,3,1,0,1,1,complete,484d1c9af3b07511d2c0892166110387642d889f88b80bfc6927a7dc324de83e
ActPlane-C3,ActPlane,C,C3,raw_model,1,answer,0,0,0,1,0,1,complete,484d1c9af3b07511d2c0892166110387642d889f88b80bfc6927a7dc324de83e
ActPlane-C4,ActPlane,C,C4,raw_model,1,answer,1,1,1,1,0,1,complete,484d1c9af3b07511d2c0892166110387642d889f88b80bfc6927a7dc324de83e
ActPlane-C5,ActPlane,C,C5,raw_model,1,answer,4,12,4,0,1,1,complete,484d1c9af3b07511d2c0892166110387642d889f88b80bfc6927a7dc324de83e
ActPlane-D1,ActPlane,D,D1,raw_model,1,answer,untracked,untracked,untracked,1,0,1,complete,484d1c9af3b07511d2c0892166110387642d889f88b80bfc6927a7dc324de83e
ActPlane-D2,ActPlane,D,D2,raw_model,1,answer,untracked,untracked,untracked,1,0,1,complete,484d1c9af3b07511d2c0892166110387642d889f88b80bfc6927a7dc324de83e
ActPlane-D3,ActPlane,D,D3,raw_model,1,answer,untracked,untracked,untracked,1,0,1,complete,484d1c9af3b07511d2c0892166110387642d889f88b80bfc6927a7dc324de83e
ActPlane-D4,ActPlane,D,D4,raw_model,1,answer,untracked,untracked,untracked,1,0,1,complete,484d1c9af3b07511d2c0892166110387642d889f88b80bfc6927a7dc324de83e
ActPlane-D5,ActPlane,D,D5,raw_model,1,answer,absent,absent,absent,1,0,1,complete,484d1c9af3b07511d2c0892166110387642d889f88b80bfc6927a7dc324de83e
ActPlane-A1,ActPlane,A,A1,raw_model,2,abstain,,331,104,0,0,1,complete,484d1c9af3b07511d2c0892166110387642d889f88b80bfc6927a7dc324de83e
ActPlane-A2,ActPlane,A,A2,raw_model,2,abstain,,471,161,0,0,1,complete,484d1c9af3b07511d2c0892166110387642d889f88b80bfc6927a7dc324de83e
ActPlane-A3,ActPlane,A,A3,raw_model,2,abstain,,457,595,0,0,1,complete,484d1c9af3b07511d2c0892166110387642d889f88b80bfc6927a7dc324de83e
ActPlane-A4,ActPlane,A,A4,raw_model,2,abstain,,4,3,0,0,1,complete,484d1c9af3b07511d2c0892166110387642d889f88b80bfc6927a7dc324de83e
ActPlane-A5,ActPlane,A,A5,raw_model,2,abstain,,1,0,0,0,1,complete,484d1c9af3b07511d2c0892166110387642d889f88b80bfc6927a7dc324de83e
ActPlane-B1,ActPlane,B,B1,raw_model,2,answer,75,75,75,1,0,1,complete,484d1c9af3b07511d2c0892166110387642d889f88b80bfc6927a7dc324de83e
ActPlane-B2,ActPlane,B,B2,raw_model,2,answer,22,22,22,1,0,1,complete,484d1c9af3b07511d2c0892166110387642d889f88b80bfc6927a7dc324de83e
ActPlane-B3,ActPlane,B,B3,raw_model,2,answer,53,53,53,1,0,1,complete,484d1c9af3b07511d2c0892166110387642d889f88b80bfc6927a7dc324de83e
ActPlane-B4,ActPlane,B,B4,raw_model,2,answer,read,read,read,1,0,1,complete,484d1c9af3b07511d2c0892166110387642d889f88b80bfc6927a7dc324de83e
ActPlane-B5,ActPlane,B,B5,raw_model,2,answer,2,2,2,1,0,1,complete,484d1c9af3b07511d2c0892166110387642d889f88b80bfc6927a7dc324de83e
ActPlane-C1,ActPlane,C,C1,raw_model,2,abstain,,3,1,0,0,1,complete,484d1c9af3b07511d2c0892166110387642d889f88b80bfc6927a7dc324de83e
ActPlane-C2,ActPlane,C,C2,raw_model,2,abstain,,3,1,0,0,1,complete,484d1c9af3b07511d2c0892166110387642d889f88b80bfc6927a7dc324de83e
ActPlane-C3,ActPlane,C,C3,raw_model,2,answer,0,0,0,1,0,1,complete,484d1c9af3b07511d2c0892166110387642d889f88b80bfc6927a7dc324de83e
ActPlane-C4,ActPlane,C,C4,raw_model,2,answer,1,1,1,1,0,1,complete,484d1c9af3b07511d2c0892166110387642d889f88b80bfc6927a7dc324de83e
ActPlane-C5,ActPlane,C,C5,raw_model,2,abstain,,12,4,0,0,1,complete,484d1c9af3b07511d2c0892166110387642d889f88b80bfc6927a7dc324de83e
ActPlane-D1,ActPlane,D,D1,raw_model,2,answer,untracked,untracked,untracked,1,0,1,complete,484d1c9af3b07511d2c0892166110387642d889f88b80bfc6927a7dc324de83e
ActPlane-D2,ActPlane,D,D2,raw_model,2,answer,untracked,untracked,untracked,1,0,1,complete,484d1c9af3b07511d2c0892166110387642d889f88b80bfc6927a7dc324de83e
ActPlane-D3,ActPlane,D,D3,raw_model,2,answer,untracked,untracked,untracked,1,0,1,complete,484d1c9af3b07511d2c0892166110387642d889f88b80bfc6927a7dc324de83e
ActPlane-D4,ActPlane,D,D4,raw_model,2,answer,untracked,untracked,untracked,1,0,1,complete,484d1c9af3b07511d2c0892166110387642d889f88b80bfc6927a7dc324de83e
ActPlane-D5,ActPlane,D,D5,raw_model,2,answer,absent,absent,absent,1,0,1,complete,484d1c9af3b07511d2c0892166110387642d889f88b80bfc6927a7dc324de83e
ActPlane-A1,ActPlane,A,A1,raw_model,3,answer,137,331,104,0,1,1,complete,484d1c9af3b07511d2c0892166110387642d889f88b80bfc6927a7dc324de83e
ActPlane-A2,ActPlane,A,A2,raw_model,3,answer,75,471,161,0,1,1,complete,484d1c9af3b07511d2c0892166110387642d889f88b80bfc6927a7dc324de83e
ActPlane-A3,ActPlane,A,A3,raw_model,3,answer,0,457,595,0,1,1,complete,484d1c9af3b07511d2c0892166110387642d889f88b80bfc6927a7dc324de83e
ActPlane-A4,ActPlane,A,A4,raw_model,3,answer,1,4,3,0,1,1,complete,484d1c9af3b07511d2c0892166110387642d889f88b80bfc6927a7dc324de83e
ActPlane-A5,ActPlane,A,A5,raw_model,3,answer,0,1,0,0,1,1,complete,484d1c9af3b07511d2c0892166110387642d889f88b80bfc6927a7dc324de83e
ActPlane-B1,ActPlane,B,B1,raw_model,3,answer,75,75,75,1,0,1,complete,484d1c9af3b07511d2c0892166110387642d889f88b80bfc6927a7dc324de83e
ActPlane-B2,ActPlane,B,B2,raw_model,3,answer,22,22,22,1,0,1,complete,484d1c9af3b07511d2c0892166110387642d889f88b80bfc6927a7dc324de83e
ActPlane-B3,ActPlane,B,B3,raw_model,3,answer,53,53,53,1,0,1,complete,484d1c9af3b07511d2c0892166110387642d889f88b80bfc6927a7dc324de83e
ActPlane-B4,ActPlane,B,B4,raw_model,3,answer,read,read,read,1,0,1,complete,484d1c9af3b07511d2c0892166110387642d889f88b80bfc6927a7dc324de83e
ActPlane-B5,ActPlane,B,B5,raw_model,3,answer,2,2,2,1,0,1,complete,484d1c9af3b07511d2c0892166110387642d889f88b80bfc6927a7dc324de83e
ActPlane-C1,ActPlane,C,C1,raw_model,3,answer,1,3,1,0,1,1,complete,484d1c9af3b07511d2c0892166110387642d889f88b80bfc6927a7dc324de83e
ActPlane-C2,ActPlane,C,C2,raw_model,3,answer,1,3,1,0,1,1,complete,484d1c9af3b07511d2c0892166110387642d889f88b80bfc6927a7dc324de83e
ActPlane-C3,ActPlane,C,C3,raw_model,3,answer,0,0,0,1,0,1,complete,484d1c9af3b07511d2c0892166110387642d889f88b80bfc6927a7dc324de83e
ActPlane-C4,ActPlane,C,C4,raw_model,3,answer,1,1,1,1,0,1,complete,484d1c9af3b07511d2c0892166110387642d889f88b80bfc6927a7dc324de83e
ActPlane-C5,ActPlane,C,C5,raw_model,3,answer,4,12,4,0,1,1,complete,484d1c9af3b07511d2c0892166110387642d889f88b80bfc6927a7dc324de83e
ActPlane-D1,ActPlane,D,D1,raw_model,3,answer,untracked,untracked,untracked,1,0,1,complete,484d1c9af3b07511d2c0892166110387642d889f88b80bfc6927a7dc324de83e
ActPlane-D2,ActPlane,D,D2,raw_model,3,answer,untracked,untracked,untracked,1,0,1,complete,484d1c9af3b07511d2c0892166110387642d889f88b80bfc6927a7dc324de83e
ActPlane-D3,ActPlane,D,D3,raw_model,3,answer,untracked,untracked,untracked,1,0,1,complete,484d1c9af3b07511d2c0892166110387642d889f88b80bfc6927a7dc324de83e
ActPlane-D4,ActPlane,D,D4,raw_model,3,answer,untracked,untracked,untracked,1,0,1,complete,484d1c9af3b07511d2c0892166110387642d889f88b80bfc6927a7dc324de83e
ActPlane-D5,ActPlane,D,D5,raw_model,3,answer,absent,absent,absent,1,0,1,complete,484d1c9af3b07511d2c0892166110387642d889f88b80bfc6927a7dc324de83e
bpf-developer-tutorial-A1,bpf-developer-tutorial,A,A1,raw_model,1,abstain,,217,214,0,0,0,boundary_violation:tool_result_byte_cap,484d1c9af3b07511d2c0892166110387642d889f88b80bfc6927a7dc324de83e
bpf-developer-tutorial-A2,bpf-developer-tutorial,A,A2,raw_model,1,abstain,,35,33,0,0,0,boundary_violation:tool_result_byte_cap,484d1c9af3b07511d2c0892166110387642d889f88b80bfc6927a7dc324de83e
bpf-developer-tutorial-A3,bpf-developer-tutorial,A,A3,raw_model,1,abstain,,39,42,0,0,0,boundary_violation:tool_result_byte_cap,484d1c9af3b07511d2c0892166110387642d889f88b80bfc6927a7dc324de83e
bpf-developer-tutorial-A4,bpf-developer-tutorial,A,A4,raw_model,1,abstain,,6,5,0,0,0,boundary_violation:tool_result_byte_cap,484d1c9af3b07511d2c0892166110387642d889f88b80bfc6927a7dc324de83e
bpf-developer-tutorial-A5,bpf-developer-tutorial,A,A5,raw_model,1,abstain,,1,0,0,0,0,boundary_violation:tool_result_byte_cap,484d1c9af3b07511d2c0892166110387642d889f88b80bfc6927a7dc324de83e
bpf-developer-tutorial-B1,bpf-developer-tutorial,B,B1,raw_model,1,abstain,,14,14,0,0,0,boundary_violation:tool_result_byte_cap,484d1c9af3b07511d2c0892166110387642d889f88b80bfc6927a7dc324de83e
bpf-developer-tutorial-B2,bpf-developer-tutorial,B,B2,raw_model,1,abstain,,5,5,0,0,0,boundary_violation:tool_result_byte_cap,484d1c9af3b07511d2c0892166110387642d889f88b80bfc6927a7dc324de83e
bpf-developer-tutorial-B3,bpf-developer-tutorial,B,B3,raw_model,1,abstain,,9,9,0,0,0,boundary_violation:tool_result_byte_cap,484d1c9af3b07511d2c0892166110387642d889f88b80bfc6927a7dc324de83e
bpf-developer-tutorial-B4,bpf-developer-tutorial,B,B4,raw_model,1,abstain,,mutate,mutate,0,0,0,boundary_violation:tool_result_byte_cap,484d1c9af3b07511d2c0892166110387642d889f88b80bfc6927a7dc324de83e
bpf-developer-tutorial-B5,bpf-developer-tutorial,B,B5,raw_model,1,abstain,,1,1,0,0,0,boundary_violation:tool_result_byte_cap,484d1c9af3b07511d2c0892166110387642d889f88b80bfc6927a7dc324de83e
bpf-developer-tutorial-C1,bpf-developer-tutorial,C,C1,raw_model,1,abstain,,7,6,0,0,0,boundary_violation:tool_result_byte_cap,484d1c9af3b07511d2c0892166110387642d889f88b80bfc6927a7dc324de83e
bpf-developer-tutorial-C2,bpf-developer-tutorial,C,C2,raw_model,1,abstain,,8,7,0,0,0,boundary_violation:tool_result_byte_cap,484d1c9af3b07511d2c0892166110387642d889f88b80bfc6927a7dc324de83e
bpf-developer-tutorial-C3,bpf-developer-tutorial,C,C3,raw_model,1,abstain,,0,0,0,0,0,boundary_violation:tool_result_byte_cap,484d1c9af3b07511d2c0892166110387642d889f88b80bfc6927a7dc324de83e
bpf-developer-tutorial-C4,bpf-developer-tutorial,C,C4,raw_model,1,abstain,,0,0,0,0,0,boundary_violation:tool_result_byte_cap,484d1c9af3b07511d2c0892166110387642d889f88b80bfc6927a7dc324de83e
bpf-developer-tutorial-C5,bpf-developer-tutorial,C,C5,raw_model,1,abstain,,22,17,0,0,0,boundary_violation:tool_result_byte_cap,484d1c9af3b07511d2c0892166110387642d889f88b80bfc6927a7dc324de83e
bpf-developer-tutorial-D1,bpf-developer-tutorial,D,D1,raw_model,1,abstain,,tracked,tracked,0,0,0,boundary_violation:tool_result_byte_cap,484d1c9af3b07511d2c0892166110387642d889f88b80bfc6927a7dc324de83e
bpf-developer-tutorial-D2,bpf-developer-tutorial,D,D2,raw_model,1,abstain,,tracked,tracked,0,0,0,boundary_violation:tool_result_byte_cap,484d1c9af3b07511d2c0892166110387642d889f88b80bfc6927a7dc324de83e
bpf-developer-tutorial-D3,bpf-developer-tutorial,D,D3,raw_model,1,abstain,,tracked,tracked,0,0,0,boundary_violation:tool_result_byte_cap,484d1c9af3b07511d2c0892166110387642d889f88b80bfc6927a7dc324de83e
bpf-developer-tutorial-D4,bpf-developer-tutorial,D,D4,raw_model,1,abstain,,tracked,tracked,0,0,0,boundary_violation:tool_result_byte_cap,484d1c9af3b07511d2c0892166110387642d889f88b80bfc6927a7dc324de83e
bpf-developer-tutorial-D5,bpf-developer-tutorial,D,D5,raw_model,1,abstain,,tracked,tracked,0,0,0,boundary_violation:tool_result_byte_cap,484d1c9af3b07511d2c0892166110387642d889f88b80bfc6927a7dc324de83e
bpf-developer-tutorial-A1,bpf-developer-tutorial,A,A1,raw_model,2,abstain,,217,214,0,0,0,boundary_violation:tool_result_byte_cap,484d1c9af3b07511d2c0892166110387642d889f88b80bfc6927a7dc324de83e
bpf-developer-tutorial-A2,bpf-developer-tutorial,A,A2,raw_model,2,abstain,,35,33,0,0,0,boundary_violation:tool_result_byte_cap,484d1c9af3b07511d2c0892166110387642d889f88b80bfc6927a7dc324de83e
bpf-developer-tutorial-A3,bpf-developer-tutorial,A,A3,raw_model,2,abstain,,39,42,0,0,0,boundary_violation:tool_result_byte_cap,484d1c9af3b07511d2c0892166110387642d889f88b80bfc6927a7dc324de83e
bpf-developer-tutorial-A4,bpf-developer-tutorial,A,A4,raw_model,2,abstain,,6,5,0,0,0,boundary_violation:tool_result_byte_cap,484d1c9af3b07511d2c0892166110387642d889f88b80bfc6927a7dc324de83e
bpf-developer-tutorial-A5,bpf-developer-tutorial,A,A5,raw_model,2,abstain,,1,0,0,0,0,boundary_violation:tool_result_byte_cap,484d1c9af3b07511d2c0892166110387642d889f88b80bfc6927a7dc324de83e
bpf-developer-tutorial-B1,bpf-developer-tutorial,B,B1,raw_model,2,abstain,,14,14,0,0,0,boundary_violation:tool_result_byte_cap,484d1c9af3b07511d2c0892166110387642d889f88b80bfc6927a7dc324de83e
bpf-developer-tutorial-B2,bpf-developer-tutorial,B,B2,raw_model,2,abstain,,5,5,0,0,0,boundary_violation:tool_result_byte_cap,484d1c9af3b07511d2c0892166110387642d889f88b80bfc6927a7dc324de83e
bpf-developer-tutorial-B3,bpf-developer-tutorial,B,B3,raw_model,2,abstain,,9,9,0,0,0,boundary_violation:tool_result_byte_cap,484d1c9af3b07511d2c0892166110387642d889f88b80bfc6927a7dc324de83e
bpf-developer-tutorial-B4,bpf-developer-tutorial,B,B4,raw_model,2,abstain,,mutate,mutate,0,0,0,boundary_violation:tool_result_byte_cap,484d1c9af3b07511d2c0892166110387642d889f88b80bfc6927a7dc324de83e
bpf-developer-tutorial-B5,bpf-developer-tutorial,B,B5,raw_model,2,abstain,,1,1,0,0,0,boundary_violation:tool_result_byte_cap,484d1c9af3b07511d2c0892166110387642d889f88b80bfc6927a7dc324de83e
bpf-developer-tutorial-C1,bpf-developer-tutorial,C,C1,raw_model,2,abstain,,7,6,0,0,0,boundary_violation:tool_result_byte_cap,484d1c9af3b07511d2c0892166110387642d889f88b80bfc6927a7dc324de83e
bpf-developer-tutorial-C2,bpf-developer-tutorial,C,C2,raw_model,2,abstain,,8,7,0,0,0,boundary_violation:tool_result_byte_cap,484d1c9af3b07511d2c0892166110387642d889f88b80bfc6927a7dc324de83e
bpf-developer-tutorial-C3,bpf-developer-tutorial,C,C3,raw_model,2,abstain,,0,0,0,0,0,boundary_violation:tool_result_byte_cap,484d1c9af3b07511d2c0892166110387642d889f88b80bfc6927a7dc324de83e
bpf-developer-tutorial-C4,bpf-developer-tutorial,C,C4,raw_model,2,abstain,,0,0,0,0,0,boundary_violation:tool_result_byte_cap,484d1c9af3b07511d2c0892166110387642d889f88b80bfc6927a7dc324de83e
bpf-developer-tutorial-C5,bpf-developer-tutorial,C,C5,raw_model,2,abstain,,22,17,0,0,0,boundary_violation:tool_result_byte_cap,484d1c9af3b07511d2c0892166110387642d889f88b80bfc6927a7dc324de83e
bpf-developer-tutorial-D1,bpf-developer-tutorial,D,D1,raw_model,2,abstain,,tracked,tracked,0,0,0,boundary_violation:tool_result_byte_cap,484d1c9af3b07511d2c0892166110387642d889f88b80bfc6927a7dc324de83e
bpf-developer-tutorial-D2,bpf-developer-tutorial,D,D2,raw_model,2,abstain,,tracked,tracked,0,0,0,boundary_violation:tool_result_byte_cap,484d1c9af3b07511d2c0892166110387642d889f88b80bfc6927a7dc324de83e
bpf-developer-tutorial-D3,bpf-developer-tutorial,D,D3,raw_model,2,abstain,,tracked,tracked,0,0,0,boundary_violation:tool_result_byte_cap,484d1c9af3b07511d2c0892166110387642d889f88b80bfc6927a7dc324de83e
bpf-developer-tutorial-D4,bpf-developer-tutorial,D,D4,raw_model,2,abstain,,tracked,tracked,0,0,0,boundary_violation:tool_result_byte_cap,484d1c9af3b07511d2c0892166110387642d889f88b80bfc6927a7dc324de83e
bpf-developer-tutorial-D5,bpf-developer-tutorial,D,D5,raw_model,2,abstain,,tracked,tracked,0,0,0,boundary_violation:tool_result_byte_cap,484d1c9af3b07511d2c0892166110387642d889f88b80bfc6927a7dc324de83e
bpf-developer-tutorial-A1,bpf-developer-tutorial,A,A1,raw_model,3,abstain,,217,214,0,0,0,boundary_violation:tool_result_byte_cap,484d1c9af3b07511d2c0892166110387642d889f88b80bfc6927a7dc324de83e
bpf-developer-tutorial-A2,bpf-developer-tutorial,A,A2,raw_model,3,abstain,,35,33,0,0,0,boundary_violation:tool_result_byte_cap,484d1c9af3b07511d2c0892166110387642d889f88b80bfc6927a7dc324de83e
bpf-developer-tutorial-A3,bpf-developer-tutorial,A,A3,raw_model,3,abstain,,39,42,0,0,0,boundary_violation:tool_result_byte_cap,484d1c9af3b07511d2c0892166110387642d889f88b80bfc6927a7dc324de83e
bpf-developer-tutorial-A4,bpf-developer-tutorial,A,A4,raw_model,3,abstain,,6,5,0,0,0,boundary_violation:tool_result_byte_cap,484d1c9af3b07511d2c0892166110387642d889f88b80bfc6927a7dc324de83e
bpf-developer-tutorial-A5,bpf-developer-tutorial,A,A5,raw_model,3,abstain,,1,0,0,0,0,boundary_violation:tool_result_byte_cap,484d1c9af3b07511d2c0892166110387642d889f88b80bfc6927a7dc324de83e
bpf-developer-tutorial-B1,bpf-developer-tutorial,B,B1,raw_model,3,abstain,,14,14,0,0,0,boundary_violation:tool_result_byte_cap,484d1c9af3b07511d2c0892166110387642d889f88b80bfc6927a7dc324de83e
bpf-developer-tutorial-B2,bpf-developer-tutorial,B,B2,raw_model,3,abstain,,5,5,0,0,0,boundary_violation:tool_result_byte_cap,484d1c9af3b07511d2c0892166110387642d889f88b80bfc6927a7dc324de83e
bpf-developer-tutorial-B3,bpf-developer-tutorial,B,B3,raw_model,3,abstain,,9,9,0,0,0,boundary_violation:tool_result_byte_cap,484d1c9af3b07511d2c0892166110387642d889f88b80bfc6927a7dc324de83e
bpf-developer-tutorial-B4,bpf-developer-tutorial,B,B4,raw_model,3,abstain,,mutate,mutate,0,0,0,boundary_violation:tool_result_byte_cap,484d1c9af3b07511d2c0892166110387642d889f88b80bfc6927a7dc324de83e
bpf-developer-tutorial-B5,bpf-developer-tutorial,B,B5,raw_model,3,abstain,,1,1,0,0,0,boundary_violation:tool_result_byte_cap,484d1c9af3b07511d2c0892166110387642d889f88b80bfc6927a7dc324de83e
bpf-developer-tutorial-C1,bpf-developer-tutorial,C,C1,raw_model,3,abstain,,7,6,0,0,0,boundary_violation:tool_result_byte_cap,484d1c9af3b07511d2c0892166110387642d889f88b80bfc6927a7dc324de83e
bpf-developer-tutorial-C2,bpf-developer-tutorial,C,C2,raw_model,3,abstain,,8,7,0,0,0,boundary_violation:tool_result_byte_cap,484d1c9af3b07511d2c0892166110387642d889f88b80bfc6927a7dc324de83e
bpf-developer-tutorial-C3,bpf-developer-tutorial,C,C3,raw_model,3,abstain,,0,0,0,0,0,boundary_violation:tool_result_byte_cap,484d1c9af3b07511d2c0892166110387642d889f88b80bfc6927a7dc324de83e
bpf-developer-tutorial-C4,bpf-developer-tutorial,C,C4,raw_model,3,abstain,,0,0,0,0,0,boundary_violation:tool_result_byte_cap,484d1c9af3b07511d2c0892166110387642d889f88b80bfc6927a7dc324de83e
bpf-developer-tutorial-C5,bpf-developer-tutorial,C,C5,raw_model,3,abstain,,22,17,0,0,0,boundary_violation:tool_result_byte_cap,484d1c9af3b07511d2c0892166110387642d889f88b80bfc6927a7dc324de83e
bpf-developer-tutorial-D1,bpf-developer-tutorial,D,D1,raw_model,3,abstain,,tracked,tracked,0,0,0,boundary_violation:tool_result_byte_cap,484d1c9af3b07511d2c0892166110387642d889f88b80bfc6927a7dc324de83e
bpf-developer-tutorial-D2,bpf-developer-tutorial,D,D2,raw_model,3,abstain,,tracked,tracked,0,0,0,boundary_violation:tool_result_byte_cap,484d1c9af3b07511d2c0892166110387642d889f88b80bfc6927a7dc324de83e
bpf-developer-tutorial-D3,bpf-developer-tutorial,D,D3,raw_model,3,abstain,,tracked,tracked,0,0,0,boundary_violation:tool_result_byte_cap,484d1c9af3b07511d2c0892166110387642d889f88b80bfc6927a7dc324de83e
bpf-developer-tutorial-D4,bpf-developer-tutorial,D,D4,raw_model,3,abstain,,tracked,tracked,0,0,0,boundary_violation:tool_result_byte_cap,484d1c9af3b07511d2c0892166110387642d889f88b80bfc6927a7dc324de83e
bpf-developer-tutorial-D5,bpf-developer-tutorial,D,D5,raw_model,3,abstain,,tracked,tracked,0,0,0,boundary_violation:tool_result_byte_cap,484d1c9af3b07511d2c0892166110387642d889f88b80bfc6927a7dc324de83e
eunomia.dev-A1,eunomia.dev,A,A1,raw_model,1,answer,481,229,225,0,1,1,complete,484d1c9af3b07511d2c0892166110387642d889f88b80bfc6927a7dc324de83e
eunomia.dev-A2,eunomia.dev,A,A2,raw_model,1,answer,180,212,268,0,1,1,complete,484d1c9af3b07511d2c0892166110387642d889f88b80bfc6927a7dc324de83e
eunomia.dev-A3,eunomia.dev,A,A3,raw_model,1,answer,21,103,102,0,1,1,complete,484d1c9af3b07511d2c0892166110387642d889f88b80bfc6927a7dc324de83e
eunomia.dev-A4,eunomia.dev,A,A4,raw_model,1,answer,4,4,4,1,0,1,complete,484d1c9af3b07511d2c0892166110387642d889f88b80bfc6927a7dc324de83e
eunomia.dev-A5,eunomia.dev,A,A5,raw_model,1,answer,2,3,3,0,1,1,complete,484d1c9af3b07511d2c0892166110387642d889f88b80bfc6927a7dc324de83e
eunomia.dev-B1,eunomia.dev,B,B1,raw_model,1,answer,42,43,43,0,1,1,complete,484d1c9af3b07511d2c0892166110387642d889f88b80bfc6927a7dc324de83e
eunomia.dev-B2,eunomia.dev,B,B2,raw_model,1,answer,31,32,32,0,1,1,complete,484d1c9af3b07511d2c0892166110387642d889f88b80bfc6927a7dc324de83e
eunomia.dev-B3,eunomia.dev,B,B3,raw_model,1,answer,11,11,11,1,0,1,complete,484d1c9af3b07511d2c0892166110387642d889f88b80bfc6927a7dc324de83e
eunomia.dev-B4,eunomia.dev,B,B4,raw_model,1,answer,read,read,read,1,0,1,complete,484d1c9af3b07511d2c0892166110387642d889f88b80bfc6927a7dc324de83e
eunomia.dev-B5,eunomia.dev,B,B5,raw_model,1,answer,2,2,2,1,0,1,complete,484d1c9af3b07511d2c0892166110387642d889f88b80bfc6927a7dc324de83e
eunomia.dev-C1,eunomia.dev,C,C1,raw_model,1,answer,2,1,1,0,1,1,complete,484d1c9af3b07511d2c0892166110387642d889f88b80bfc6927a7dc324de83e
eunomia.dev-C2,eunomia.dev,C,C2,raw_model,1,answer,7,5,5,0,1,1,complete,484d1c9af3b07511d2c0892166110387642d889f88b80bfc6927a7dc324de83e
eunomia.dev-C3,eunomia.dev,C,C3,raw_model,1,answer,1,1,1,1,0,1,complete,484d1c9af3b07511d2c0892166110387642d889f88b80bfc6927a7dc324de83e
eunomia.dev-C4,eunomia.dev,C,C4,raw_model,1,answer,2,2,2,1,0,1,complete,484d1c9af3b07511d2c0892166110387642d889f88b80bfc6927a7dc324de83e
eunomia.dev-C5,eunomia.dev,C,C5,raw_model,1,answer,16,17,17,0,1,1,complete,484d1c9af3b07511d2c0892166110387642d889f88b80bfc6927a7dc324de83e
eunomia.dev-D1,eunomia.dev,D,D1,raw_model,1,answer,tracked,tracked,tracked,1,0,1,complete,484d1c9af3b07511d2c0892166110387642d889f88b80bfc6927a7dc324de83e
eunomia.dev-D2,eunomia.dev,D,D2,raw_model,1,answer,tracked,tracked,tracked,1,0,1,complete,484d1c9af3b07511d2c0892166110387642d889f88b80bfc6927a7dc324de83e
eunomia.dev-D3,eunomia.dev,D,D3,raw_model,1,answer,tracked,tracked,tracked,1,0,1,complete,484d1c9af3b07511d2c0892166110387642d889f88b80bfc6927a7dc324de83e
eunomia.dev-D4,eunomia.dev,D,D4,raw_model,1,answer,tracked,tracked,tracked,1,0,1,complete,484d1c9af3b07511d2c0892166110387642d889f88b80bfc6927a7dc324de83e
eunomia.dev-D5,eunomia.dev,D,D5,raw_model,1,answer,untracked,untracked,untracked,1,0,1,complete,484d1c9af3b07511d2c0892166110387642d889f88b80bfc6927a7dc324de83e
eunomia.dev-A1,eunomia.dev,A,A1,raw_model,2,answer,540,229,225,0,1,1,complete,484d1c9af3b07511d2c0892166110387642d889f88b80bfc6927a7dc324de83e
eunomia.dev-A2,eunomia.dev,A,A2,raw_model,2,answer,212,212,268,1,0,1,complete,484d1c9af3b07511d2c0892166110387642d889f88b80bfc6927a7dc324de83e
eunomia.dev-A3,eunomia.dev,A,A3,raw_model,2,answer,25,103,102,0,1,1,complete,484d1c9af3b07511d2c0892166110387642d889f88b80bfc6927a7dc324de83e
eunomia.dev-A4,eunomia.dev,A,A4,raw_model,2,answer,4,4,4,1,0,1,complete,484d1c9af3b07511d2c0892166110387642d889f88b80bfc6927a7dc324de83e
eunomia.dev-A5,eunomia.dev,A,A5,raw_model,2,answer,3,3,3,1,0,1,complete,484d1c9af3b07511d2c0892166110387642d889f88b80bfc6927a7dc324de83e
eunomia.dev-B1,eunomia.dev,B,B1,raw_model,2,answer,43,43,43,1,0,1,complete,484d1c9af3b07511d2c0892166110387642d889f88b80bfc6927a7dc324de83e
eunomia.dev-B2,eunomia.dev,B,B2,raw_model,2,answer,31,32,32,0,1,1,complete,484d1c9af3b07511d2c0892166110387642d889f88b80bfc6927a7dc324de83e
eunomia.dev-B3,eunomia.dev,B,B3,raw_model,2,answer,12,11,11,0,1,1,complete,484d1c9af3b07511d2c0892166110387642d889f88b80bfc6927a7dc324de83e
eunomia.dev-B4,eunomia.dev,B,B4,raw_model,2,answer,read,read,read,1,0,1,complete,484d1c9af3b07511d2c0892166110387642d889f88b80bfc6927a7dc324de83e
eunomia.dev-B5,eunomia.dev,B,B5,raw_model,2,answer,2,2,2,1,0,1,complete,484d1c9af3b07511d2c0892166110387642d889f88b80bfc6927a7dc324de83e
eunomia.dev-C1,eunomia.dev,C,C1,raw_model,2,answer,3,1,1,0,1,1,complete,484d1c9af3b07511d2c0892166110387642d889f88b80bfc6927a7dc324de83e
eunomia.dev-C2,eunomia.dev,C,C2,raw_model,2,abstain,,5,5,0,0,1,complete,484d1c9af3b07511d2c0892166110387642d889f88b80bfc6927a7dc324de83e
eunomia.dev-C3,eunomia.dev,C,C3,raw_model,2,answer,1,1,1,1,0,1,complete,484d1c9af3b07511d2c0892166110387642d889f88b80bfc6927a7dc324de83e
eunomia.dev-C4,eunomia.dev,C,C4,raw_model,2,answer,2,2,2,1,0,1,complete,484d1c9af3b07511d2c0892166110387642d889f88b80bfc6927a7dc324de83e
eunomia.dev-C5,eunomia.dev,C,C5,raw_model,2,abstain,,17,17,0,0,1,complete,484d1c9af3b07511d2c0892166110387642d889f88b80bfc6927a7dc324de83e
eunomia.dev-D1,eunomia.dev,D,D1,raw_model,2,answer,tracked,tracked,tracked,1,0,1,complete,484d1c9af3b07511d2c0892166110387642d889f88b80bfc6927a7dc324de83e
eunomia.dev-D2,eunomia.dev,D,D2,raw_model,2,answer,tracked,tracked,tracked,1,0,1,complete,484d1c9af3b07511d2c0892166110387642d889f88b80bfc6927a7dc324de83e
eunomia.dev-D3,eunomia.dev,D,D3,raw_model,2,answer,tracked,tracked,tracked,1,0,1,complete,484d1c9af3b07511d2c0892166110387642d889f88b80bfc6927a7dc324de83e
eunomia.dev-D4,eunomia.dev,D,D4,raw_model,2,answer,tracked,tracked,tracked,1,0,1,complete,484d1c9af3b07511d2c0892166110387642d889f88b80bfc6927a7dc324de83e
eunomia.dev-D5,eunomia.dev,D,D5,raw_model,2,answer,untracked,untracked,untracked,1,0,1,complete,484d1c9af3b07511d2c0892166110387642d889f88b80bfc6927a7dc324de83e
eunomia.dev-A1,eunomia.dev,A,A1,raw_model,3,answer,532,229,225,0,1,1,complete,484d1c9af3b07511d2c0892166110387642d889f88b80bfc6927a7dc324de83e
eunomia.dev-A2,eunomia.dev,A,A2,raw_model,3,answer,212,212,268,1,0,1,complete,484d1c9af3b07511d2c0892166110387642d889f88b80bfc6927a7dc324de83e
eunomia.dev-A3,eunomia.dev,A,A3,raw_model,3,answer,28,103,102,0,1,1,complete,484d1c9af3b07511d2c0892166110387642d889f88b80bfc6927a7dc324de83e
eunomia.dev-A4,eunomia.dev,A,A4,raw_model,3,answer,4,4,4,1,0,1,complete,484d1c9af3b07511d2c0892166110387642d889f88b80bfc6927a7dc324de83e
eunomia.dev-A5,eunomia.dev,A,A5,raw_model,3,answer,3,3,3,1,0,1,complete,484d1c9af3b07511d2c0892166110387642d889f88b80bfc6927a7dc324de83e
eunomia.dev-B1,eunomia.dev,B,B1,raw_model,3,answer,43,43,43,1,0,1,complete,484d1c9af3b07511d2c0892166110387642d889f88b80bfc6927a7dc324de83e
eunomia.dev-B2,eunomia.dev,B,B2,raw_model,3,answer,32,32,32,1,0,1,complete,484d1c9af3b07511d2c0892166110387642d889f88b80bfc6927a7dc324de83e
eunomia.dev-B3,eunomia.dev,B,B3,raw_model,3,answer,11,11,11,1,0,1,complete,484d1c9af3b07511d2c0892166110387642d889f88b80bfc6927a7dc324de83e
eunomia.dev-B4,eunomia.dev,B,B4,raw_model,3,answer,read,read,read,1,0,1,complete,484d1c9af3b07511d2c0892166110387642d889f88b80bfc6927a7dc324de83e
eunomia.dev-B5,eunomia.dev,B,B5,raw_model,3,answer,2,2,2,1,0,1,complete,484d1c9af3b07511d2c0892166110387642d889f88b80bfc6927a7dc324de83e
eunomia.dev-C1,eunomia.dev,C,C1,raw_model,3,abstain,,1,1,0,0,1,complete,484d1c9af3b07511d2c0892166110387642d889f88b80bfc6927a7dc324de83e
eunomia.dev-C2,eunomia.dev,C,C2,raw_model,3,abstain,,5,5,0,0,1,complete,484d1c9af3b07511d2c0892166110387642d889f88b80bfc6927a7dc324de83e
eunomia.dev-C3,eunomia.dev,C,C3,raw_model,3,answer,1,1,1,1,0,1,complete,484d1c9af3b07511d2c0892166110387642d889f88b80bfc6927a7dc324de83e
eunomia.dev-C4,eunomia.dev,C,C4,raw_model,3,answer,2,2,2,1,0,1,complete,484d1c9af3b07511d2c0892166110387642d889f88b80bfc6927a7dc324de83e
eunomia.dev-C5,eunomia.dev,C,C5,raw_model,3,abstain,,17,17,0,0,1,complete,484d1c9af3b07511d2c0892166110387642d889f88b80bfc6927a7dc324de83e
eunomia.dev-D1,eunomia.dev,D,D1,raw_model,3,answer,tracked,tracked,tracked,1,0,1,complete,484d1c9af3b07511d2c0892166110387642d889f88b80bfc6927a7dc324de83e
eunomia.dev-D2,eunomia.dev,D,D2,raw_model,3,answer,tracked,tracked,tracked,1,0,1,complete,484d1c9af3b07511d2c0892166110387642d889f88b80bfc6927a7dc324de83e
eunomia.dev-D3,eunomia.dev,D,D3,raw_model,3,answer,tracked,tracked,tracked,1,0,1,complete,484d1c9af3b07511d2c0892166110387642d889f88b80bfc6927a7dc324de83e
eunomia.dev-D4,eunomia.dev,D,D4,raw_model,3,answer,tracked,tracked,tracked,1,0,1,complete,484d1c9af3b07511d2c0892166110387642d889f88b80bfc6927a7dc324de83e
eunomia.dev-D5,eunomia.dev,D,D5,raw_model,3,answer,untracked,untracked,untracked,1,0,1,complete,484d1c9af3b07511d2c0892166110387642d889f88b80bfc6927a7dc324de83e
agentskill-observability-paper-A1,agentskill-observability-paper,A,A1,raw_model,1,abstain,,165,165,0,0,0,boundary_violation:tool_result_byte_cap,484d1c9af3b07511d2c0892166110387642d889f88b80bfc6927a7dc324de83e
agentskill-observability-paper-A2,agentskill-observability-paper,A,A2,raw_model,1,abstain,,140,234,0,0,0,boundary_violation:tool_result_byte_cap,484d1c9af3b07511d2c0892166110387642d889f88b80bfc6927a7dc324de83e
agentskill-observability-paper-A3,agentskill-observability-paper,A,A3,raw_model,1,abstain,,0,0,0,0,0,boundary_violation:tool_result_byte_cap,484d1c9af3b07511d2c0892166110387642d889f88b80bfc6927a7dc324de83e
agentskill-observability-paper-A4,agentskill-observability-paper,A,A4,raw_model,1,abstain,,3,3,0,0,0,boundary_violation:tool_result_byte_cap,484d1c9af3b07511d2c0892166110387642d889f88b80bfc6927a7dc324de83e
agentskill-observability-paper-A5,agentskill-observability-paper,A,A5,raw_model,1,abstain,,0,0,0,0,0,boundary_violation:tool_result_byte_cap,484d1c9af3b07511d2c0892166110387642d889f88b80bfc6927a7dc324de83e
agentskill-observability-paper-B1,agentskill-observability-paper,B,B1,raw_model,1,abstain,,237,237,0,0,0,boundary_violation:tool_result_byte_cap,484d1c9af3b07511d2c0892166110387642d889f88b80bfc6927a7dc324de83e
agentskill-observability-paper-B2,agentskill-observability-paper,B,B2,raw_model,1,abstain,,125,125,0,0,0,boundary_violation:tool_result_byte_cap,484d1c9af3b07511d2c0892166110387642d889f88b80bfc6927a7dc324de83e
agentskill-observability-paper-B3,agentskill-observability-paper,B,B3,raw_model,1,abstain,,112,112,0,0,0,boundary_violation:tool_result_byte_cap,484d1c9af3b07511d2c0892166110387642d889f88b80bfc6927a7dc324de83e
agentskill-observability-paper-B4,agentskill-observability-paper,B,B4,raw_model,1,abstain,,read,read,0,0,0,boundary_violation:tool_result_byte_cap,484d1c9af3b07511d2c0892166110387642d889f88b80bfc6927a7dc324de83e
agentskill-observability-paper-B5,agentskill-observability-paper,B,B5,raw_model,1,abstain,,10,10,0,0,0,boundary_violation:tool_result_byte_cap,484d1c9af3b07511d2c0892166110387642d889f88b80bfc6927a7dc324de83e
agentskill-observability-paper-C1,agentskill-observability-paper,C,C1,raw_model,1,abstain,,8,8,0,0,0,boundary_violation:tool_result_byte_cap,484d1c9af3b07511d2c0892166110387642d889f88b80bfc6927a7dc324de83e
agentskill-observability-paper-C2,agentskill-observability-paper,C,C2,raw_model,1,abstain,,9,9,0,0,0,boundary_violation:tool_result_byte_cap,484d1c9af3b07511d2c0892166110387642d889f88b80bfc6927a7dc324de83e
agentskill-observability-paper-C3,agentskill-observability-paper,C,C3,raw_model,1,abstain,,1,1,0,0,0,boundary_violation:tool_result_byte_cap,484d1c9af3b07511d2c0892166110387642d889f88b80bfc6927a7dc324de83e
agentskill-observability-paper-C4,agentskill-observability-paper,C,C4,raw_model,1,abstain,,11,11,0,0,0,boundary_violation:tool_result_byte_cap,484d1c9af3b07511d2c0892166110387642d889f88b80bfc6927a7dc324de83e
agentskill-observability-paper-C5,agentskill-observability-paper,C,C5,raw_model,1,abstain,,2,2,0,0,0,boundary_violation:tool_result_byte_cap,484d1c9af3b07511d2c0892166110387642d889f88b80bfc6927a7dc324de83e
agentskill-observability-paper-D1,agentskill-observability-paper,D,D1,raw_model,1,abstain,,tracked,tracked,0,0,0,boundary_violation:tool_result_byte_cap,484d1c9af3b07511d2c0892166110387642d889f88b80bfc6927a7dc324de83e
agentskill-observability-paper-D2,agentskill-observability-paper,D,D2,raw_model,1,abstain,,tracked,tracked,0,0,0,boundary_violation:tool_result_byte_cap,484d1c9af3b07511d2c0892166110387642d889f88b80bfc6927a7dc324de83e
agentskill-observability-paper-D3,agentskill-observability-paper,D,D3,raw_model,1,abstain,,tracked,tracked,0,0,0,boundary_violation:tool_result_byte_cap,484d1c9af3b07511d2c0892166110387642d889f88b80bfc6927a7dc324de83e
agentskill-observability-paper-D4,agentskill-observability-paper,D,D4,raw_model,1,abstain,,tracked,tracked,0,0,0,boundary_violation:tool_result_byte_cap,484d1c9af3b07511d2c0892166110387642d889f88b80bfc6927a7dc324de83e
agentskill-observability-paper-D5,agentskill-observability-paper,D,D5,raw_model,1,abstain,,tracked,tracked,0,0,0,boundary_violation:tool_result_byte_cap,484d1c9af3b07511d2c0892166110387642d889f88b80bfc6927a7dc324de83e
agentskill-observability-paper-A1,agentskill-observability-paper,A,A1,raw_model,2,answer,199,165,165,0,1,1,complete,484d1c9af3b07511d2c0892166110387642d889f88b80bfc6927a7dc324de83e
agentskill-observability-paper-A2,agentskill-observability-paper,A,A2,raw_model,2,answer,140,140,234,1,0,1,complete,484d1c9af3b07511d2c0892166110387642d889f88b80bfc6927a7dc324de83e
agentskill-observability-paper-A3,agentskill-observability-paper,A,A3,raw_model,2,answer,0,0,0,1,0,1,complete,484d1c9af3b07511d2c0892166110387642d889f88b80bfc6927a7dc324de83e
agentskill-observability-paper-A4,agentskill-observability-paper,A,A4,raw_model,2,answer,3,3,3,1,0,1,complete,484d1c9af3b07511d2c0892166110387642d889f88b80bfc6927a7dc324de83e
agentskill-observability-paper-A5,agentskill-observability-paper,A,A5,raw_model,2,answer,0,0,0,1,0,1,complete,484d1c9af3b07511d2c0892166110387642d889f88b80bfc6927a7dc324de83e
agentskill-observability-paper-B1,agentskill-observability-paper,B,B1,raw_model,2,answer,237,237,237,1,0,1,complete,484d1c9af3b07511d2c0892166110387642d889f88b80bfc6927a7dc324de83e
agentskill-observability-paper-B2,agentskill-observability-paper,B,B2,raw_model,2,answer,125,125,125,1,0,1,complete,484d1c9af3b07511d2c0892166110387642d889f88b80bfc6927a7dc324de83e
agentskill-observability-paper-B3,agentskill-observability-paper,B,B3,raw_model,2,answer,112,112,112,1,0,1,complete,484d1c9af3b07511d2c0892166110387642d889f88b80bfc6927a7dc324de83e
agentskill-observability-paper-B4,agentskill-observability-paper,B,B4,raw_model,2,answer,read,read,read,1,0,1,complete,484d1c9af3b07511d2c0892166110387642d889f88b80bfc6927a7dc324de83e
agentskill-observability-paper-B5,agentskill-observability-paper,B,B5,raw_model,2,answer,10,10,10,1,0,1,complete,484d1c9af3b07511d2c0892166110387642d889f88b80bfc6927a7dc324de83e
agentskill-observability-paper-C1,agentskill-observability-paper,C,C1,raw_model,2,answer,8,8,8,1,0,1,complete,484d1c9af3b07511d2c0892166110387642d889f88b80bfc6927a7dc324de83e
agentskill-observability-paper-C2,agentskill-observability-paper,C,C2,raw_model,2,answer,9,9,9,1,0,1,complete,484d1c9af3b07511d2c0892166110387642d889f88b80bfc6927a7dc324de83e
agentskill-observability-paper-C3,agentskill-observability-paper,C,C3,raw_model,2,answer,1,1,1,1,0,1,complete,484d1c9af3b07511d2c0892166110387642d889f88b80bfc6927a7dc324de83e
agentskill-observability-paper-C4,agentskill-observability-paper,C,C4,raw_model,2,answer,11,11,11,1,0,1,complete,484d1c9af3b07511d2c0892166110387642d889f88b80bfc6927a7dc324de83e
agentskill-observability-paper-C5,agentskill-observability-paper,C,C5,raw_model,2,answer,2,2,2,1,0,1,complete,484d1c9af3b07511d2c0892166110387642d889f88b80bfc6927a7dc324de83e
agentskill-observability-paper-D1,agentskill-observability-paper,D,D1,raw_model,2,answer,tracked,tracked,tracked,1,0,1,complete,484d1c9af3b07511d2c0892166110387642d889f88b80bfc6927a7dc324de83e
agentskill-observability-paper-D2,agentskill-observability-paper,D,D2,raw_model,2,answer,tracked,tracked,tracked,1,0,1,complete,484d1c9af3b07511d2c0892166110387642d889f88b80bfc6927a7dc324de83e
agentskill-observability-paper-D3,agentskill-observability-paper,D,D3,raw_model,2,answer,tracked,tracked,tracked,1,0,1,complete,484d1c9af3b07511d2c0892166110387642d889f88b80bfc6927a7dc324de83e
agentskill-observability-paper-D4,agentskill-observability-paper,D,D4,raw_model,2,answer,tracked,tracked,tracked,1,0,1,complete,484d1c9af3b07511d2c0892166110387642d889f88b80bfc6927a7dc324de83e
agentskill-observability-paper-D5,agentskill-observability-paper,D,D5,raw_model,2,answer,tracked,tracked,tracked,1,0,1,complete,484d1c9af3b07511d2c0892166110387642d889f88b80bfc6927a7dc324de83e
agentskill-observability-paper-A1,agentskill-observability-paper,A,A1,raw_model,3,answer,199,165,165,0,1,1,complete,484d1c9af3b07511d2c0892166110387642d889f88b80bfc6927a7dc324de83e
agentskill-observability-paper-A2,agentskill-observability-paper,A,A2,raw_model,3,answer,140,140,234,1,0,1,complete,484d1c9af3b07511d2c0892166110387642d889f88b80bfc6927a7dc324de83e
agentskill-observability-paper-A3,agentskill-observability-paper,A,A3,raw_model,3,answer,0,0,0,1,0,1,complete,484d1c9af3b07511d2c0892166110387642d889f88b80bfc6927a7dc324de83e
agentskill-observability-paper-A4,agentskill-observability-paper,A,A4,raw_model,3,answer,3,3,3,1,0,1,complete,484d1c9af3b07511d2c0892166110387642d889f88b80bfc6927a7dc324de83e
agentskill-observability-paper-A5,agentskill-observability-paper,A,A5,raw_model,3,answer,0,0,0,1,0,1,complete,484d1c9af3b07511d2c0892166110387642d889f88b80bfc6927a7dc324de83e
agentskill-observability-paper-B1,agentskill-observability-paper,B,B1,raw_model,3,answer,237,237,237,1,0,1,complete,484d1c9af3b07511d2c0892166110387642d889f88b80bfc6927a7dc324de83e
agentskill-observability-paper-B2,agentskill-observability-paper,B,B2,raw_model,3,answer,125,125,125,1,0,1,complete,484d1c9af3b07511d2c0892166110387642d889f88b80bfc6927a7dc324de83e
agentskill-observability-paper-B3,agentskill-observability-paper,B,B3,raw_model,3,answer,112,112,112,1,0,1,complete,484d1c9af3b07511d2c0892166110387642d889f88b80bfc6927a7dc324de83e
agentskill-observability-paper-B4,agentskill-observability-paper,B,B4,raw_model,3,answer,read,read,read,1,0,1,complete,484d1c9af3b07511d2c0892166110387642d889f88b80bfc6927a7dc324de83e
agentskill-observability-paper-B5,agentskill-observability-paper,B,B5,raw_model,3,answer,10,10,10,1,0,1,complete,484d1c9af3b07511d2c0892166110387642d889f88b80bfc6927a7dc324de83e
agentskill-observability-paper-C1,agentskill-observability-paper,C,C1,raw_model,3,answer,8,8,8,1,0,1,complete,484d1c9af3b07511d2c0892166110387642d889f88b80bfc6927a7dc324de83e
agentskill-observability-paper-C2,agentskill-observability-paper,C,C2,raw_model,3,answer,9,9,9,1,0,1,complete,484d1c9af3b07511d2c0892166110387642d889f88b80bfc6927a7dc324de83e
agentskill-observability-paper-C3,agentskill-observability-paper,C,C3,raw_model,3,answer,1,1,1,1,0,1,complete,484d1c9af3b07511d2c0892166110387642d889f88b80bfc6927a7dc324de83e
agentskill-observability-paper-C4,agentskill-observability-paper,C,C4,raw_model,3,answer,11,11,11,1,0,1,complete,484d1c9af3b07511d2c0892166110387642d889f88b80bfc6927a7dc324de83e
agentskill-observability-paper-C5,agentskill-observability-paper,C,C5,raw_model,3,answer,2,2,2,1,0,1,complete,484d1c9af3b07511d2c0892166110387642d889f88b80bfc6927a7dc324de83e
agentskill-observability-paper-D1,agentskill-observability-paper,D,D1,raw_model,3,answer,tracked,tracked,tracked,1,0,1,complete,484d1c9af3b07511d2c0892166110387642d889f88b80bfc6927a7dc324de83e
agentskill-observability-paper-D2,agentskill-observability-paper,D,D2,raw_model,3,answer,tracked,tracked,tracked,1,0,1,complete,484d1c9af3b07511d2c0892166110387642d889f88b80bfc6927a7dc324de83e
agentskill-observability-paper-D3,agentskill-observability-paper,D,D3,raw_model,3,answer,tracked,tracked,tracked,1,0,1,complete,484d1c9af3b07511d2c0892166110387642d889f88b80bfc6927a7dc324de83e
agentskill-observability-paper-D4,agentskill-observability-paper,D,D4,raw_model,3,answer,tracked,tracked,tracked,1,0,1,complete,484d1c9af3b07511d2c0892166110387642d889f88b80bfc6927a7dc324de83e
agentskill-observability-paper-D5,agentskill-observability-paper,D,D5,raw_model,3,answer,tracked,tracked,tracked,1,0,1,complete,484d1c9af3b07511d2c0892166110387642d889f88b80bfc6927a7dc324de83e
academic-writing-skills-A1,academic-writing-skills,A,A1,raw_model,1,answer,174,112,112,0,1,1,complete,484d1c9af3b07511d2c0892166110387642d889f88b80bfc6927a7dc324de83e
academic-writing-skills-A2,academic-writing-skills,A,A2,raw_model,1,answer,250,250,357,1,0,1,complete,484d1c9af3b07511d2c0892166110387642d889f88b80bfc6927a7dc324de83e
academic-writing-skills-A3,academic-writing-skills,A,A3,raw_model,1,answer,0,0,0,1,0,1,complete,484d1c9af3b07511d2c0892166110387642d889f88b80bfc6927a7dc324de83e
academic-writing-skills-A4,academic-writing-skills,A,A4,raw_model,1,answer,5,5,5,1,0,1,complete,484d1c9af3b07511d2c0892166110387642d889f88b80bfc6927a7dc324de83e
academic-writing-skills-A5,academic-writing-skills,A,A5,raw_model,1,answer,0,0,0,1,0,1,complete,484d1c9af3b07511d2c0892166110387642d889f88b80bfc6927a7dc324de83e
academic-writing-skills-B1,academic-writing-skills,B,B1,raw_model,1,answer,88,90,90,0,1,1,complete,484d1c9af3b07511d2c0892166110387642d889f88b80bfc6927a7dc324de83e
academic-writing-skills-B2,academic-writing-skills,B,B2,raw_model,1,answer,14,16,16,0,1,1,complete,484d1c9af3b07511d2c0892166110387642d889f88b80bfc6927a7dc324de83e
academic-writing-skills-B3,academic-writing-skills,B,B3,raw_model,1,answer,74,74,74,1,0,1,complete,484d1c9af3b07511d2c0892166110387642d889f88b80bfc6927a7dc324de83e
academic-writing-skills-B4,academic-writing-skills,B,B4,raw_model,1,answer,read,read,read,1,0,1,complete,484d1c9af3b07511d2c0892166110387642d889f88b80bfc6927a7dc324de83e
academic-writing-skills-B5,academic-writing-skills,B,B5,raw_model,1,answer,6,6,6,1,0,1,complete,484d1c9af3b07511d2c0892166110387642d889f88b80bfc6927a7dc324de83e
academic-writing-skills-C1,academic-writing-skills,C,C1,raw_model,1,answer,6,6,6,1,0,1,complete,484d1c9af3b07511d2c0892166110387642d889f88b80bfc6927a7dc324de83e
academic-writing-skills-C2,academic-writing-skills,C,C2,raw_model,1,answer,9,8,9,0,1,1,complete,484d1c9af3b07511d2c0892166110387642d889f88b80bfc6927a7dc324de83e
academic-writing-skills-C3,academic-writing-skills,C,C3,raw_model,1,answer,2,2,2,1,0,1,complete,484d1c9af3b07511d2c0892166110387642d889f88b80bfc6927a7dc324de83e
academic-writing-skills-C4,academic-writing-skills,C,C4,raw_model,1,answer,11,11,11,1,0,1,complete,484d1c9af3b07511d2c0892166110387642d889f88b80bfc6927a7dc324de83e
academic-writing-skills-C5,academic-writing-skills,C,C5,raw_model,1,answer,22,23,23,0,1,1,complete,484d1c9af3b07511d2c0892166110387642d889f88b80bfc6927a7dc324de83e
academic-writing-skills-D1,academic-writing-skills,D,D1,raw_model,1,answer,tracked,tracked,tracked,1,0,1,complete,484d1c9af3b07511d2c0892166110387642d889f88b80bfc6927a7dc324de83e
academic-writing-skills-D2,academic-writing-skills,D,D2,raw_model,1,answer,tracked,tracked,tracked,1,0,1,complete,484d1c9af3b07511d2c0892166110387642d889f88b80bfc6927a7dc324de83e
academic-writing-skills-D3,academic-writing-skills,D,D3,raw_model,1,answer,tracked,tracked,tracked,1,0,1,complete,484d1c9af3b07511d2c0892166110387642d889f88b80bfc6927a7dc324de83e
academic-writing-skills-D4,academic-writing-skills,D,D4,raw_model,1,answer,tracked,tracked,tracked,1,0,1,complete,484d1c9af3b07511d2c0892166110387642d889f88b80bfc6927a7dc324de83e
academic-writing-skills-D5,academic-writing-skills,D,D5,raw_model,1,answer,tracked,tracked,tracked,1,0,1,complete,484d1c9af3b07511d2c0892166110387642d889f88b80bfc6927a7dc324de83e
academic-writing-skills-A1,academic-writing-skills,A,A1,raw_model,2,answer,177,112,112,0,1,1,complete,484d1c9af3b07511d2c0892166110387642d889f88b80bfc6927a7dc324de83e
academic-writing-skills-A2,academic-writing-skills,A,A2,raw_model,2,answer,250,250,357,1,0,1,complete,484d1c9af3b07511d2c0892166110387642d889f88b80bfc6927a7dc324de83e
academic-writing-skills-A3,academic-writing-skills,A,A3,raw_model,2,answer,0,0,0,1,0,1,complete,484d1c9af3b07511d2c0892166110387642d889f88b80bfc6927a7dc324de83e
academic-writing-skills-A4,academic-writing-skills,A,A4,raw_model,2,answer,5,5,5,1,0,1,complete,484d1c9af3b07511d2c0892166110387642d889f88b80bfc6927a7dc324de83e
academic-writing-skills-A5,academic-writing-skills,A,A5,raw_model,2,answer,0,0,0,1,0,1,complete,484d1c9af3b07511d2c0892166110387642d889f88b80bfc6927a7dc324de83e
academic-writing-skills-B1,academic-writing-skills,B,B1,raw_model,2,answer,90,90,90,1,0,1,complete,484d1c9af3b07511d2c0892166110387642d889f88b80bfc6927a7dc324de83e
academic-writing-skills-B2,academic-writing-skills,B,B2,raw_model,2,answer,16,16,16,1,0,1,complete,484d1c9af3b07511d2c0892166110387642d889f88b80bfc6927a7dc324de83e
academic-writing-skills-B3,academic-writing-skills,B,B3,raw_model,2,answer,74,74,74,1,0,1,complete,484d1c9af3b07511d2c0892166110387642d889f88b80bfc6927a7dc324de83e
academic-writing-skills-B4,academic-writing-skills,B,B4,raw_model,2,answer,read,read,read,1,0,1,complete,484d1c9af3b07511d2c0892166110387642d889f88b80bfc6927a7dc324de83e
academic-writing-skills-B5,academic-writing-skills,B,B5,raw_model,2,answer,6,6,6,1,0,1,complete,484d1c9af3b07511d2c0892166110387642d889f88b80bfc6927a7dc324de83e
academic-writing-skills-C1,academic-writing-skills,C,C1,raw_model,2,answer,7,6,6,0,1,1,complete,484d1c9af3b07511d2c0892166110387642d889f88b80bfc6927a7dc324de83e
academic-writing-skills-C2,academic-writing-skills,C,C2,raw_model,2,answer,8,8,9,1,0,1,complete,484d1c9af3b07511d2c0892166110387642d889f88b80bfc6927a7dc324de83e
academic-writing-skills-C3,academic-writing-skills,C,C3,raw_model,2,answer,1,2,2,0,1,1,complete,484d1c9af3b07511d2c0892166110387642d889f88b80bfc6927a7dc324de83e
academic-writing-skills-C4,academic-writing-skills,C,C4,raw_model,2,answer,10,11,11,0,1,1,complete,484d1c9af3b07511d2c0892166110387642d889f88b80bfc6927a7dc324de83e
academic-writing-skills-C5,academic-writing-skills,C,C5,raw_model,2,answer,23,23,23,1,0,1,complete,484d1c9af3b07511d2c0892166110387642d889f88b80bfc6927a7dc324de83e
academic-writing-skills-D1,academic-writing-skills,D,D1,raw_model,2,answer,tracked,tracked,tracked,1,0,1,complete,484d1c9af3b07511d2c0892166110387642d889f88b80bfc6927a7dc324de83e
academic-writing-skills-D2,academic-writing-skills,D,D2,raw_model,2,answer,tracked,tracked,tracked,1,0,1,complete,484d1c9af3b07511d2c0892166110387642d889f88b80bfc6927a7dc324de83e
academic-writing-skills-D3,academic-writing-skills,D,D3,raw_model,2,answer,tracked,tracked,tracked,1,0,1,complete,484d1c9af3b07511d2c0892166110387642d889f88b80bfc6927a7dc324de83e
academic-writing-skills-D4,academic-writing-skills,D,D4,raw_model,2,answer,tracked,tracked,tracked,1,0,1,complete,484d1c9af3b07511d2c0892166110387642d889f88b80bfc6927a7dc324de83e
academic-writing-skills-D5,academic-writing-skills,D,D5,raw_model,2,answer,tracked,tracked,tracked,1,0,1,complete,484d1c9af3b07511d2c0892166110387642d889f88b80bfc6927a7dc324de83e
academic-writing-skills-A1,academic-writing-skills,A,A1,raw_model,3,answer,177,112,112,0,1,1,complete,484d1c9af3b07511d2c0892166110387642d889f88b80bfc6927a7dc324de83e
academic-writing-skills-A2,academic-writing-skills,A,A2,raw_model,3,answer,250,250,357,1,0,1,complete,484d1c9af3b07511d2c0892166110387642d889f88b80bfc6927a7dc324de83e
academic-writing-skills-A3,academic-writing-skills,A,A3,raw_model,3,answer,0,0,0,1,0,1,complete,484d1c9af3b07511d2c0892166110387642d889f88b80bfc6927a7dc324de83e
academic-writing-skills-A4,academic-writing-skills,A,A4,raw_model,3,answer,5,5,5,1,0,1,complete,484d1c9af3b07511d2c0892166110387642d889f88b80bfc6927a7dc324de83e
academic-writing-skills-A5,academic-writing-skills,A,A5,raw_model,3,answer,0,0,0,1,0,1,complete,484d1c9af3b07511d2c0892166110387642d889f88b80bfc6927a7dc324de83e
academic-writing-skills-B1,academic-writing-skills,B,B1,raw_model,3,answer,90,90,90,1,0,1,complete,484d1c9af3b07511d2c0892166110387642d889f88b80bfc6927a7dc324de83e
academic-writing-skills-B2,academic-writing-skills,B,B2,raw_model,3,answer,16,16,16,1,0,1,complete,484d1c9af3b07511d2c0892166110387642d889f88b80bfc6927a7dc324de83e
academic-writing-skills-B3,academic-writing-skills,B,B3,raw_model,3,answer,74,74,74,1,0,1,complete,484d1c9af3b07511d2c0892166110387642d889f88b80bfc6927a7dc324de83e
academic-writing-skills-B4,academic-writing-skills,B,B4,raw_model,3,answer,read,read,read,1,0,1,complete,484d1c9af3b07511d2c0892166110387642d889f88b80bfc6927a7dc324de83e
academic-writing-skills-B5,academic-writing-skills,B,B5,raw_model,3,answer,6,6,6,1,0,1,complete,484d1c9af3b07511d2c0892166110387642d889f88b80bfc6927a7dc324de83e
academic-writing-skills-C1,academic-writing-skills,C,C1,raw_model,3,answer,7,6,6,0,1,1,complete,484d1c9af3b07511d2c0892166110387642d889f88b80bfc6927a7dc324de83e
academic-writing-skills-C2,academic-writing-skills,C,C2,raw_model,3,answer,8,8,9,1,0,1,complete,484d1c9af3b07511d2c0892166110387642d889f88b80bfc6927a7dc324de83e
academic-writing-skills-C3,academic-writing-skills,C,C3,raw_model,3,answer,1,2,2,0,1,1,complete,484d1c9af3b07511d2c0892166110387642d889f88b80bfc6927a7dc324de83e
academic-writing-skills-C4,academic-writing-skills,C,C4,raw_model,3,answer,10,11,11,0,1,1,complete,484d1c9af3b07511d2c0892166110387642d889f88b80bfc6927a7dc324de83e
academic-writing-skills-C5,academic-writing-skills,C,C5,raw_model,3,answer,23,23,23,1,0,1,complete,484d1c9af3b07511d2c0892166110387642d889f88b80bfc6927a7dc324de83e
academic-writing-skills-D1,academic-writing-skills,D,D1,raw_model,3,answer,tracked,tracked,tracked,1,0,1,complete,484d1c9af3b07511d2c0892166110387642d889f88b80bfc6927a7dc324de83e
academic-writing-skills-D2,academic-writing-skills,D,D2,raw_model,3,answer,tracked,tracked,tracked,1,0,1,complete,484d1c9af3b07511d2c0892166110387642d889f88b80bfc6927a7dc324de83e
academic-writing-skills-D3,academic-writing-skills,D,D3,raw_model,3,answer,tracked,tracked,tracked,1,0,1,complete,484d1c9af3b07511d2c0892166110387642d889f88b80bfc6927a7dc324de83e
academic-writing-skills-D4,academic-writing-skills,D,D4,raw_model,3,answer,tracked,tracked,tracked,1,0,1,complete,484d1c9af3b07511d2c0892166110387642d889f88b80bfc6927a7dc324de83e
academic-writing-skills-D5,academic-writing-skills,D,D5,raw_model,3,answer,tracked,tracked,tracked,1,0,1,complete,484d1c9af3b07511d2c0892166110387642d889f88b80bfc6927a7dc324de83e
