doc,check,status,detail
evaluation,operation_named,pass,operation
evaluation,operation_stack_named,pass,operation stack
evaluation,two_abstraction_boundary,pass,two abstractions wording
evaluation,third_abstraction_guarded,pass,"610,627,638"
zh_claim_setup,operation_named,pass,operation
zh_claim_setup,operation_stack_named,pass,operation stack
zh_claim_setup,two_abstraction_boundary,pass,two abstractions wording
zh_claim_setup,third_abstraction_guarded,pass,"133,189,227,228"
zh_main,operation_named,pass,operation
zh_main,operation_stack_named,pass,operation stack
zh_main,two_abstraction_boundary,pass,two abstractions wording
zh_main,third_abstraction_guarded,pass,133
en_main,operation_named,pass,operation
en_main,operation_stack_named,pass,operation stack
en_main,two_abstraction_boundary,pass,two abstractions wording
en_main,third_abstraction_guarded,pass,none
design,operation_named,pass,operation
design,operation_stack_named,pass,operation stack
design,two_abstraction_boundary,pass,two abstractions wording
design,third_abstraction_guarded,pass,52
implementation,operation_named,pass,operation
implementation,operation_stack_named,pass,operation stack
implementation,two_abstraction_boundary,pass,two abstractions wording
implementation,third_abstraction_guarded,pass,132
