path,bytes,sha256
agentvis/research/rq6_external_boundary.py,41840,9b50d83bf4dd83f9ff4a6e71d1288c0bdd326eafacba15b858b7e2d723e1a1f3
docs/tmp/bootstrap/step-0002-20260722T182000-0700/experiment-rq6-external-boundary/full/raw/ideatrail/default-train/000011.json.gz,196957,624a9fe48dff84f854164055fb774e1d96bcd1ed5a67e5321bb2c247e556d4f5
docs/tmp/bootstrap/step-0002-20260722T182000-0700/experiment-rq6-external-boundary/full/raw/ideatrail/default-train/000021.json.gz,173299,f5dc78008bdc0e3a4c66aa5aa851e788e13f2a041216da9f8d4732c45711c767
docs/tmp/bootstrap/step-0002-20260722T182000-0700/experiment-rq6-external-boundary/full/raw/ideatrail/default-train/000044.json.gz,251535,ecf96a3c7987a864457e30b0c3740e26139de1604d7085a81a998510edd78bfa
docs/tmp/bootstrap/step-0002-20260722T182000-0700/experiment-rq6-external-boundary/full/raw/ideatrail/default-train/000076.json.gz,177283,fdf74947ebbc6e0f745abea260151b351e8f9ff325d5430574c92b4a720a928d
docs/tmp/bootstrap/step-0002-20260722T182000-0700/experiment-rq6-external-boundary/full/raw/ideatrail/default-train/000092.json.gz,157663,3aa17980501c328cdb49fbeda23a0a3482717f96f74ae5d48b664db5c7312397
docs/tmp/bootstrap/step-0002-20260722T182000-0700/experiment-rq6-external-boundary/full/raw/ideatrail/default-train/000117.json.gz,139527,855c3405ecde713048390224407f90f1ce774b839a77116f84b63dac250e9488
docs/tmp/bootstrap/step-0002-20260722T182000-0700/experiment-rq6-external-boundary/full/raw/ideatrail/default-train/000120.json.gz,102704,b70b07628ebf854aa3ef25f7f250fcdf65ca484d71011af8e6bd88a6db87f544
docs/tmp/bootstrap/step-0002-20260722T182000-0700/experiment-rq6-external-boundary/full/raw/ideatrail/default-train/000124.json.gz,129691,d082c48b4e60fd6ec84b38db78d1c82b4b9dbdeccca7fb6fe4c7e2a26c4e3437
docs/tmp/bootstrap/step-0002-20260722T182000-0700/experiment-rq6-external-boundary/full/raw/ideatrail/default-train/000129.json.gz,152918,24dcbc82506036b558f7c84fcec28cd0f4e70a234c6f9a375ae651037b90f084
docs/tmp/bootstrap/step-0002-20260722T182000-0700/experiment-rq6-external-boundary/full/raw/ideatrail/default-train/000146.json.gz,153721,d2472728d5ce22e91c33604586a81a0171d4cde35e3f54f3922bb4e3b999433a
docs/tmp/bootstrap/step-0002-20260722T182000-0700/experiment-rq6-external-boundary/full/raw/ideatrail/default-train/000157.json.gz,148555,ad8670ec60310de273b452987b651301822a3da8cab474d1937ea4b3bf56779a
docs/tmp/bootstrap/step-0002-20260722T182000-0700/experiment-rq6-external-boundary/full/raw/ideatrail/default-train/000198.json.gz,131910,71580b6660bbd789f69ee2db1f18ad8183a2451446352d17d88234e1a35bec84
docs/tmp/bootstrap/step-0002-20260722T182000-0700/experiment-rq6-external-boundary/full/raw/ideatrail/default-train/000208.json.gz,200159,ce08217376d529d420b2307f8af0df16a0f81d93ac71b29f8a5ae94093e0b810
docs/tmp/bootstrap/step-0002-20260722T182000-0700/experiment-rq6-external-boundary/full/raw/ideatrail/default-train/000211.json.gz,138423,1e03e780f799ac15ef8aea9c48456052babc6b31e60d480125ecebe8d3f88c0f
docs/tmp/bootstrap/step-0002-20260722T182000-0700/experiment-rq6-external-boundary/full/raw/ideatrail/default-train/000241.json.gz,108127,b4ee9f4d50b16ad35f804e795427956943ff3f5f7754f9414d4e1f00f1d042ab
docs/tmp/bootstrap/step-0002-20260722T182000-0700/experiment-rq6-external-boundary/full/raw/ideatrail/default-train/000243.json.gz,152990,c37152fce007acac5b06c5b9801582f18f9c19b7973ff360b1c79f3fc7a1714f
docs/tmp/bootstrap/step-0002-20260722T182000-0700/experiment-rq6-external-boundary/full/raw/ideatrail/default-train/000248.json.gz,132863,cda7bf18d6fee7091dfac616a5f8a84895eebbaeef716ad6e82d0d2cb4d1c0ac
docs/tmp/bootstrap/step-0002-20260722T182000-0700/experiment-rq6-external-boundary/full/raw/ideatrail/default-train/000265.json.gz,117305,24542bdda86b8627cb9523d2a5ece7d71318cb6559670e2caec7cdf1fde5323d
docs/tmp/bootstrap/step-0002-20260722T182000-0700/experiment-rq6-external-boundary/full/raw/ideatrail/default-train/000268.json.gz,110246,e648e6b405be4b705396b6baa74050f6cdf717dd39dc10724122d94884a3dba7
docs/tmp/bootstrap/step-0002-20260722T182000-0700/experiment-rq6-external-boundary/full/raw/ideatrail/default-train/000276.json.gz,105909,a2b75fabf738ebc12312edf257cd9514c15859d1ee0f339ceda61d14657c5617
docs/tmp/bootstrap/step-0002-20260722T182000-0700/experiment-rq6-external-boundary/full/raw/ideatrail/default-train/000331.json.gz,68862,989c3b5bb9a50019657284cc34ca3baec89a3465d74a9b05610ed50478f6d330
docs/tmp/bootstrap/step-0002-20260722T182000-0700/experiment-rq6-external-boundary/full/raw/ideatrail/default-train/000338.json.gz,122439,2a3b3732de0735a05cb43ba38aac135a9f1a13d317b9c99078e9d131ae6fc231
docs/tmp/bootstrap/step-0002-20260722T182000-0700/experiment-rq6-external-boundary/full/raw/ideatrail/default-train/000351.json.gz,117097,18914d88e2fa3078ce97ece4304e6cfe387b897d9f79a838ddbaa3c2e1e03f22
docs/tmp/bootstrap/step-0002-20260722T182000-0700/experiment-rq6-external-boundary/full/raw/ideatrail/default-train/000410.json.gz,87928,a92db9dff27bccf192a36f702e6c8a1b613dcb26f118afc95742d7f1796629cf
docs/tmp/bootstrap/step-0002-20260722T182000-0700/experiment-rq6-external-boundary/full/raw/ideatrail/default-train/000424.json.gz,114153,59d39a3aca84ac3ebd11e50ed680348dc65b1fd6ae604e655e073b5096e793c2
docs/tmp/bootstrap/step-0002-20260722T182000-0700/experiment-rq6-external-boundary/full/raw/ideatrail/default-train/000433.json.gz,88437,01430b2847ece109b1cb66b9b79be2fc9f1f2e14593771600eb1308eae837a0e
docs/tmp/bootstrap/step-0002-20260722T182000-0700/experiment-rq6-external-boundary/full/raw/ideatrail/default-train/000452.json.gz,142018,670658d7527ac2923206800c4d342986ff2e33c061bb3974d5e626238ea99aff
docs/tmp/bootstrap/step-0002-20260722T182000-0700/experiment-rq6-external-boundary/full/raw/ideatrail/default-train/000485.json.gz,97721,65f8497851f803894190a4ffea1b755bdc1066b2bca683cb4cf642a4c33f179b
docs/tmp/bootstrap/step-0002-20260722T182000-0700/experiment-rq6-external-boundary/full/raw/ideatrail/default-train/000521.json.gz,102837,0921ada2abccd91092be86b53458b87dd10265967481feb5da71c945d80ed925
docs/tmp/bootstrap/step-0002-20260722T182000-0700/experiment-rq6-external-boundary/full/raw/ideatrail/default-train/000570.json.gz,164872,e988a3b864beffc32a4ea98171b47af76d6d2da298b4b0e49252a006bd6619ac
docs/tmp/bootstrap/step-0002-20260722T182000-0700/experiment-rq6-external-boundary/full/raw/ideatrail/default-train/000599.json.gz,117537,37a3222d08188fb4d5bf7de82a3196f7c6b1a6d8ca1aae73d250486ca86d168a
docs/tmp/bootstrap/step-0002-20260722T182000-0700/experiment-rq6-external-boundary/full/raw/ideatrail/default-train/000606.json.gz,117959,892076e1809b7f1aee85f2a566c9e2dc7cf40cfbb1a625b9fa2bc2a7f0d3a7d9
docs/tmp/bootstrap/step-0002-20260722T182000-0700/experiment-rq6-external-boundary/full/raw/ideatrail/default-train/000616.json.gz,144180,a7f524ee1f57bd0f4a6ac60a6dbb8659c1daedf22c1aa1a0d4595650b97b6c54
docs/tmp/bootstrap/step-0002-20260722T182000-0700/experiment-rq6-external-boundary/full/raw/ideatrail/default-train/000624.json.gz,110977,0efcab30b61f29f7a9a26368f570452c2b6d436664be7edde6aabc361c025537
docs/tmp/bootstrap/step-0002-20260722T182000-0700/experiment-rq6-external-boundary/full/raw/ideatrail/default-train/000647.json.gz,84411,070661f3e288e2c86dc77f47340e974564c0757796cdcdbeda31a61cdcd6aaf8
docs/tmp/bootstrap/step-0002-20260722T182000-0700/experiment-rq6-external-boundary/full/raw/ideatrail/default-train/000693.json.gz,110942,ef0367fea570ded220b564a538ad97e5cbcab48fd32457230bf3a3ae9d5175b1
docs/tmp/bootstrap/step-0002-20260722T182000-0700/experiment-rq6-external-boundary/full/raw/ideatrail/default-train/000697.json.gz,149598,525cc3b08fbbf7a072b7284b7ed4a572398089cbe5769b3e953b7c63057a2d56
docs/tmp/bootstrap/step-0002-20260722T182000-0700/experiment-rq6-external-boundary/full/raw/ideatrail/default-train/000704.json.gz,95771,517e212c0963a018d5a01b52ab4b9ef0c50985a7ba3575e6c85333a82ee95ab6
docs/tmp/bootstrap/step-0002-20260722T182000-0700/experiment-rq6-external-boundary/full/raw/ideatrail/default-train/000751.json.gz,129561,760ea7071dd79cfc133d26284aee838dbb2a28c02ad2aa19610e27f4032d2f77
docs/tmp/bootstrap/step-0002-20260722T182000-0700/experiment-rq6-external-boundary/full/raw/ideatrail/default-train/000755.json.gz,81740,d25451bda98b14818e70952c8757265e21fad62a881c3ab984033c6ef149fb5a
docs/tmp/bootstrap/step-0002-20260722T182000-0700/experiment-rq6-external-boundary/full/raw/ideatrail/default-train/000764.json.gz,100655,281074e34e04245a65f4cfc67041569875c45741777718452c802c9e805cef4a
docs/tmp/bootstrap/step-0002-20260722T182000-0700/experiment-rq6-external-boundary/full/raw/ideatrail/default-train/000778.json.gz,113167,3e5acd5afd129ce160f251c7279dd3afcee0f2cbfee849d7edf5988386e0ff4c
docs/tmp/bootstrap/step-0002-20260722T182000-0700/experiment-rq6-external-boundary/full/raw/ideatrail/default-train/000786.json.gz,119788,ec2ea2ba2eb6d7ee7d01baa2c6f6537f3d18bae323141b0e9de647500cb54e0c
docs/tmp/bootstrap/step-0002-20260722T182000-0700/experiment-rq6-external-boundary/full/raw/ideatrail/default-train/000813.json.gz,107704,c263e07870fbce4e25775a7b2b80a9d9b07578cbf11d3d7c00fefa43c4faaab9
docs/tmp/bootstrap/step-0002-20260722T182000-0700/experiment-rq6-external-boundary/full/raw/ideatrail/default-train/000814.json.gz,117714,273e0cfe9ba7041b89d5705a1000d7b195a604845765b1c0c8e1134e42a298f5
docs/tmp/bootstrap/step-0002-20260722T182000-0700/experiment-rq6-external-boundary/full/raw/ideatrail/default-train/000824.json.gz,101742,ec5e029a898d2f03523b15fe76696b3ba28ee790ab0779d2973c0c9fc98a97e9
docs/tmp/bootstrap/step-0002-20260722T182000-0700/experiment-rq6-external-boundary/full/raw/ideatrail/default-train/000830.json.gz,69302,397987dd4068ebf79e0a13e88c0a7822e267056a5118837b29d73d55063f939f
docs/tmp/bootstrap/step-0002-20260722T182000-0700/experiment-rq6-external-boundary/full/raw/ideatrail/default-train/000836.json.gz,176882,876580513dfdb51e6c91d5a22d2d9fd29fdb33126c5db89b570ee7ff007d45da
docs/tmp/bootstrap/step-0002-20260722T182000-0700/experiment-rq6-external-boundary/full/raw/ideatrail/default-train/000863.json.gz,135047,0310466b4c7d15a56e67589b56af337278848c92350a803c059b0cb97f353469
docs/tmp/bootstrap/step-0002-20260722T182000-0700/experiment-rq6-external-boundary/full/raw/ideatrail/default-train/000873.json.gz,125504,832d3db29dbe5fd0f972dc15106cbf419beffc7dc4cc9efabb13d0678c9fb14e
docs/tmp/bootstrap/step-0002-20260722T182000-0700/experiment-rq6-external-boundary/full/raw/ideatrail/default-train/000880.json.gz,117907,35d8475ef4a7e54679e28309293b8f80e152302282cf3eb818e790e678936d7a
docs/tmp/bootstrap/step-0002-20260722T182000-0700/experiment-rq6-external-boundary/full/raw/ideatrail/default-train/000881.json.gz,112944,203281886e1312616f5290558438b8262aa4bff18402da6deecd8f88a8c8ac98
docs/tmp/bootstrap/step-0002-20260722T182000-0700/experiment-rq6-external-boundary/full/raw/ideatrail/default-train/000910.json.gz,102586,d09c18cea189e80f50304606a142e96fd9130beee46fe0a5455a5a5e6aece2db
docs/tmp/bootstrap/step-0002-20260722T182000-0700/experiment-rq6-external-boundary/full/raw/ideatrail/default-train/000937.json.gz,110109,45ec12d131cfc6d1e8fd8e2ccb932a9b26e90ec6c37e911ef86ccfb251b1efa0
docs/tmp/bootstrap/step-0002-20260722T182000-0700/experiment-rq6-external-boundary/full/raw/ideatrail/default-train/000949.json.gz,76879,490c786336193c394e425fb533571dfce98b44d4c46e7557eb4dc5efd841fe8f
docs/tmp/bootstrap/step-0002-20260722T182000-0700/experiment-rq6-external-boundary/full/raw/ideatrail/default-train/000963.json.gz,81006,1b92003de73dda4dd2ca27423f9b7dfa76803f8a645c73f8f2db3cbdfa1916ff
docs/tmp/bootstrap/step-0002-20260722T182000-0700/experiment-rq6-external-boundary/full/raw/ideatrail/default-train/000988.json.gz,144016,64c89c3b9782f0ed09e28fcbd9d7ed970c782b585b6d26b30e1704b25af07a2d
docs/tmp/bootstrap/step-0002-20260722T182000-0700/experiment-rq6-external-boundary/full/raw/ideatrail/default-train/000996.json.gz,141269,1c69c0e7ba2dd1c3f2530cd96d02bcc148bba683d24f798d8dd80360bce20009
docs/tmp/bootstrap/step-0002-20260722T182000-0700/experiment-rq6-external-boundary/full/raw/ideatrail/default-train/001057.json.gz,122471,1e3550ba3f57a2f29a6f0663d1e9b17350289531f5907b3bd7f9095b2153e2e4
docs/tmp/bootstrap/step-0002-20260722T182000-0700/experiment-rq6-external-boundary/full/raw/ideatrail/default-train/001097.json.gz,95530,01bbc84ab7472d1f1c1c1f28bbb708f0eb4f729bb1d1dfa6781382ea6b8777a7
docs/tmp/bootstrap/step-0002-20260722T182000-0700/experiment-rq6-external-boundary/full/raw/ideatrail/default-train/001101.json.gz,135039,705950cbeb017153f6c0546ed2111bd86921ca698618b648a0114e7c7be2167a
docs/tmp/bootstrap/step-0002-20260722T182000-0700/experiment-rq6-external-boundary/full/raw/ideatrail/default-train/001106.json.gz,108873,89831fc0ea7fc4c82141b7b0cd6658753cc6067a0da752c0b883c28947f16d35
docs/tmp/bootstrap/step-0002-20260722T182000-0700/experiment-rq6-external-boundary/full/raw/ideatrail/default-train/001128.json.gz,120841,eea9dc764396835abc25e363d7df3db35dbfc397079be0c5ffc1e6715d445876
docs/tmp/bootstrap/step-0002-20260722T182000-0700/experiment-rq6-external-boundary/full/raw/ideatrail/default-train/001153.json.gz,187402,d89fd4fcaab8a6a619f9315097c894559fef9c6fb6c4f3a2aaf355e1d5f88190
docs/tmp/bootstrap/step-0002-20260722T182000-0700/experiment-rq6-external-boundary/full/raw/openswe/openhands-minimax_m25/000594.json.gz,275029,7469dfb274b17405e3cbde69d07325dfb81ff792de569946daed5815a23da441
docs/tmp/bootstrap/step-0002-20260722T182000-0700/experiment-rq6-external-boundary/full/raw/openswe/openhands-minimax_m25/000678.json.gz,47218,1cdb652aa3dc26e5d3ae8d953ee6632fd8391e456ffd8a5c7c71df36e9059fb1
docs/tmp/bootstrap/step-0002-20260722T182000-0700/experiment-rq6-external-boundary/full/raw/openswe/openhands-minimax_m25/001045.json.gz,27746,5bf8ea67b8b4e6f2fe670e1aea2a8b73f519c6170783cbc58ca5410a5a3b79bd
docs/tmp/bootstrap/step-0002-20260722T182000-0700/experiment-rq6-external-boundary/full/raw/openswe/openhands-minimax_m25/001421.json.gz,46007,67bbf56561c85b7428d30ea55de21550c0953042483d4aee33a5f0abea08c92d
docs/tmp/bootstrap/step-0002-20260722T182000-0700/experiment-rq6-external-boundary/full/raw/openswe/openhands-minimax_m25/003942.json.gz,59690,e073baeb1d1e170e9ca2af6bc3cc23230d2c2e71fa067a96db890b4d3b488314
docs/tmp/bootstrap/step-0002-20260722T182000-0700/experiment-rq6-external-boundary/full/raw/openswe/openhands-minimax_m25/004063.json.gz,26528,eaaae09186701d125a8497538301ce07067446ad29a00cae6feee4b2b8d48688
docs/tmp/bootstrap/step-0002-20260722T182000-0700/experiment-rq6-external-boundary/full/raw/openswe/openhands-minimax_m25/005167.json.gz,70921,4e1cabffe2051e21144d84e31e0b0d8b2b1ccdc3abdab68c389197363f96f54a
docs/tmp/bootstrap/step-0002-20260722T182000-0700/experiment-rq6-external-boundary/full/raw/openswe/openhands-minimax_m25/005699.json.gz,25220,c8502fdb90d53c9fd2d1db06607d6f2621b63af8ca9e1161ec7f27de87a71a4d
docs/tmp/bootstrap/step-0002-20260722T182000-0700/experiment-rq6-external-boundary/full/raw/openswe/openhands-minimax_m25/007069.json.gz,24677,4cfc01c2357f71c7411390cee01cb1d4a098623b8a10a1f6d83e82fef5a68d69
docs/tmp/bootstrap/step-0002-20260722T182000-0700/experiment-rq6-external-boundary/full/raw/openswe/openhands-minimax_m25/007704.json.gz,30881,4fcb25a785f32039a13b99354b250354490861342608947a3db9100bfd163b60
docs/tmp/bootstrap/step-0002-20260722T182000-0700/experiment-rq6-external-boundary/full/raw/openswe/openhands-minimax_m25/008257.json.gz,31295,7392286c2754e11d3de3dd76fdd5b97d84ad82c6d989c9530f6e147f00afef9c
docs/tmp/bootstrap/step-0002-20260722T182000-0700/experiment-rq6-external-boundary/full/raw/openswe/openhands-minimax_m25/008267.json.gz,57772,86c9c69fe10103bf0421b284ba2258de38952782cb9b72fff686413176986cc1
docs/tmp/bootstrap/step-0002-20260722T182000-0700/experiment-rq6-external-boundary/full/raw/openswe/openhands-minimax_m25/008296.json.gz,45193,4f4776e31513a006a9698d4cd2493631246c6ef90f06199a728e0da1d0cb89c6
docs/tmp/bootstrap/step-0002-20260722T182000-0700/experiment-rq6-external-boundary/full/raw/openswe/openhands-minimax_m25/009547.json.gz,37897,319937df9840c645d8924ca7fb8019b86950e3254a3e18ac2e692b54ef58e000
docs/tmp/bootstrap/step-0002-20260722T182000-0700/experiment-rq6-external-boundary/full/raw/openswe/openhands-minimax_m25/009674.json.gz,47635,2c43c8579c9bfacf9605236f444c4d094f13e45bf85e2beae2954a1ac8dea693
docs/tmp/bootstrap/step-0002-20260722T182000-0700/experiment-rq6-external-boundary/full/raw/openswe/openhands-minimax_m25/010711.json.gz,44808,2d3cb96b085187ffb9f0e96b1b5fd5d002b298b39158a3a15ead1f3f24242913
docs/tmp/bootstrap/step-0002-20260722T182000-0700/experiment-rq6-external-boundary/full/raw/openswe/openhands-minimax_m25/011141.json.gz,56890,159937d5258062d4c6b8597c454c11f7dd9ce42a3c55e4fcba495f515383078b
docs/tmp/bootstrap/step-0002-20260722T182000-0700/experiment-rq6-external-boundary/full/raw/openswe/openhands-minimax_m25/012258.json.gz,55667,18204dd6816cdcadd2746ad3e8ed09eb83bb499e4aa802c52c5ca9cdcac97bc6
docs/tmp/bootstrap/step-0002-20260722T182000-0700/experiment-rq6-external-boundary/full/raw/openswe/openhands-minimax_m25/012570.json.gz,40525,cef8136b79a8592f946e7c552337a0aab21c6c2227113b91ee788fb706791e65
docs/tmp/bootstrap/step-0002-20260722T182000-0700/experiment-rq6-external-boundary/full/raw/openswe/openhands-minimax_m25/013417.json.gz,50610,9cdc118b982e66aa0d00f2cb4a31a49d01b82e1b0401ccfaa9a43baed051576e
docs/tmp/bootstrap/step-0002-20260722T182000-0700/experiment-rq6-external-boundary/full/raw/openswe/openhands-minimax_m25/014030.json.gz,52930,4234cc3cc79f73e64692f7e95719114e3f6b602362a0e055bfe97995da92b548
docs/tmp/bootstrap/step-0002-20260722T182000-0700/experiment-rq6-external-boundary/full/raw/openswe/openhands-minimax_m25/015445.json.gz,57175,3df0422b0399af09541f01e0cb7bb5de4e7332a0047c58408941bfbc33c5fee9
docs/tmp/bootstrap/step-0002-20260722T182000-0700/experiment-rq6-external-boundary/full/raw/openswe/openhands-minimax_m25/015764.json.gz,240629,afc89d0459c5aae0e22ab8b575985c0841e1d75a059019c1b815dc23804cc439
docs/tmp/bootstrap/step-0002-20260722T182000-0700/experiment-rq6-external-boundary/full/raw/openswe/openhands-minimax_m25/016029.json.gz,33180,f243c317d95e4e541ece463fe2226a2449e0ebc08a66b7b94b1c619ab74c83e0
docs/tmp/bootstrap/step-0002-20260722T182000-0700/experiment-rq6-external-boundary/full/raw/openswe/openhands-minimax_m25/017006.json.gz,31338,8af7dbf9d657e4ee6a1ed5de9479cacf2c89b1e4bf719d7e5b63986f06352b18
docs/tmp/bootstrap/step-0002-20260722T182000-0700/experiment-rq6-external-boundary/full/raw/openswe/openhands-minimax_m25/017974.json.gz,55890,bad95e8950e458dec2a32915a42fcc20483efb11276fe7452529ad85d00a0170
docs/tmp/bootstrap/step-0002-20260722T182000-0700/experiment-rq6-external-boundary/full/raw/openswe/openhands-minimax_m25/018342.json.gz,33911,459c15d2cb7084d2f18210bd6f7366defb4e3ad72be4489792e2b00702ce43a8
docs/tmp/bootstrap/step-0002-20260722T182000-0700/experiment-rq6-external-boundary/full/raw/openswe/openhands-minimax_m25/018759.json.gz,48120,c95364b297d66f507fdc9fc21d0ddb847e3ed05fd1ca5d24dd0ab361b80f29cd
docs/tmp/bootstrap/step-0002-20260722T182000-0700/experiment-rq6-external-boundary/full/raw/openswe/openhands-minimax_m25/020766.json.gz,59289,6a16356f4b68ad08e1e8a6da940277332f95a6891f059d0cc066dd1bfc3c541d
docs/tmp/bootstrap/step-0002-20260722T182000-0700/experiment-rq6-external-boundary/full/raw/openswe/openhands-minimax_m25/020955.json.gz,38719,61326fed9506f67eab35fea5224ebe3315918c151dd3bdf54e0cc365848e439c
docs/tmp/bootstrap/step-0002-20260722T182000-0700/experiment-rq6-external-boundary/full/raw/openswe/openhands-minimax_m25/023027.json.gz,32978,757e4bbc311f975570905f5f31656266b493a868bb33f4294a775ef9b37b04eb
docs/tmp/bootstrap/step-0002-20260722T182000-0700/experiment-rq6-external-boundary/full/raw/openswe/openhands-minimax_m25/023409.json.gz,55349,75d4fba6d10318bc18c4af56b680e214266f3af5aeaf6e6d57dfa4693676f5af
docs/tmp/bootstrap/step-0002-20260722T182000-0700/experiment-rq6-external-boundary/full/raw/openswe/openhands-minimax_m25/023597.json.gz,68634,23e4456a1bb4e29c009708de756a5bad42a6d7f3c5e67302314978d5a823e8bc
docs/tmp/bootstrap/step-0002-20260722T182000-0700/experiment-rq6-external-boundary/full/raw/openswe/openhands-minimax_m25/025500.json.gz,28519,a346d213a9f3dc283d3dc56277adb62fbb39dea3a0b9917b166205a414b877fb
docs/tmp/bootstrap/step-0002-20260722T182000-0700/experiment-rq6-external-boundary/full/raw/openswe/openhands-minimax_m25/025657.json.gz,46032,2dfca3a1abec7d66e2295c634136e6e18a62b72b61a99b43caa2f6d55d598b82
docs/tmp/bootstrap/step-0002-20260722T182000-0700/experiment-rq6-external-boundary/full/raw/openswe/openhands-minimax_m25/026201.json.gz,40300,6f3dad12dc447584b5f51cdab794c39df4e4f22fa8bd3b90ffd09f82e6109778
docs/tmp/bootstrap/step-0002-20260722T182000-0700/experiment-rq6-external-boundary/full/raw/openswe/openhands-minimax_m25/026386.json.gz,45887,261eaf5c36ff84988cd58cc36e5332eb9cd843f74a6743b2221497fd891c500b
docs/tmp/bootstrap/step-0002-20260722T182000-0700/experiment-rq6-external-boundary/full/raw/openswe/openhands-minimax_m25/028119.json.gz,38897,d7fbb7e1f7b81fba89581f3703f492767414c03abd2ea71ca2a5bd02c4b2109c
docs/tmp/bootstrap/step-0002-20260722T182000-0700/experiment-rq6-external-boundary/full/raw/openswe/openhands-minimax_m25/028302.json.gz,46720,51d373f1cbeea209d3554b6ec90d2cc5b2b5974e1c57194542400bc059e316d1
docs/tmp/bootstrap/step-0002-20260722T182000-0700/experiment-rq6-external-boundary/full/raw/openswe/openhands-minimax_m25/030933.json.gz,58139,dfcf4e544800681ae455e453f987b929a036cd6ab8fe709c026c06542fb67fc7
docs/tmp/bootstrap/step-0002-20260722T182000-0700/experiment-rq6-external-boundary/full/raw/openswe/openhands-minimax_m25/031093.json.gz,131906,d1b7d73bb7d08be110a5982d18b3a165e73c6b874af7948e2009fbb219e200fd
docs/tmp/bootstrap/step-0002-20260722T182000-0700/experiment-rq6-external-boundary/full/raw/openswe/openhands-minimax_m25/031336.json.gz,52571,1fa526ee48aacaa689fe834b36e6cd3ff8b33478cf4b6aaaeda5b09cbd3b2098
docs/tmp/bootstrap/step-0002-20260722T182000-0700/experiment-rq6-external-boundary/full/raw/openswe/openhands-minimax_m25/032670.json.gz,50208,a2028796557e65de0e5fd771c45f3c6469a725b6780528895f919ffb06a7f20d
docs/tmp/bootstrap/step-0002-20260722T182000-0700/experiment-rq6-external-boundary/full/raw/openswe/openhands-minimax_m25/034219.json.gz,75286,5495de9a015f53bfd5b86da82bb3fbed7988850da833cf98a21a4b88d374bcb4
docs/tmp/bootstrap/step-0002-20260722T182000-0700/experiment-rq6-external-boundary/full/raw/openswe/openhands-minimax_m25/034291.json.gz,234362,f34e4ea2209d0df25374a6503718353cca573682a9d6c862b8e05f8662518f1c
docs/tmp/bootstrap/step-0002-20260722T182000-0700/experiment-rq6-external-boundary/full/raw/openswe/openhands-minimax_m25/034374.json.gz,50662,53d7079b7e8593a889926b6b2d886891f27862672f0dcf56ce5260d8c61e6102
docs/tmp/bootstrap/step-0002-20260722T182000-0700/experiment-rq6-external-boundary/full/raw/openswe/openhands-minimax_m25/034876.json.gz,60821,6ad603f9c766d69762ffffebc027b2a52b1f68f2becfab875e6011a31afca5cf
docs/tmp/bootstrap/step-0002-20260722T182000-0700/experiment-rq6-external-boundary/full/raw/openswe/openhands-minimax_m25/036645.json.gz,59838,c955185e2c0419af991f9ee5ac1ca0ae93fb092ef02c77ad55eb34fa103b2319
docs/tmp/bootstrap/step-0002-20260722T182000-0700/experiment-rq6-external-boundary/full/raw/openswe/openhands-minimax_m25/037415.json.gz,52324,9932e7da194aabacb55587d0130967b5d1bc5fc5b26ac268fc32422aa6f7d77e
docs/tmp/bootstrap/step-0002-20260722T182000-0700/experiment-rq6-external-boundary/full/raw/openswe/openhands-minimax_m25/039083.json.gz,101679,5f6f071017c0033f8e2bd924d03a1c4486b9911aa1d02427011a9b1ba98300da
docs/tmp/bootstrap/step-0002-20260722T182000-0700/experiment-rq6-external-boundary/full/raw/openswe/openhands-minimax_m25/039562.json.gz,51235,012250d21adde79fe06d32981936c1b613ba50fc61974c1f3c9581c692f6e7f6
docs/tmp/bootstrap/step-0002-20260722T182000-0700/experiment-rq6-external-boundary/full/raw/openswe/openhands-minimax_m25/041319.json.gz,62755,3a1ec80501d7907e97927b9ad0dea82229d40fb5763b3e56f692222c24535fc1
docs/tmp/bootstrap/step-0002-20260722T182000-0700/experiment-rq6-external-boundary/full/raw/openswe/openhands-minimax_m25/041745.json.gz,48119,9ab7770d08fc94dc79389738acb191658d50eb133856ed14697bea26a40226ec
docs/tmp/bootstrap/step-0002-20260722T182000-0700/experiment-rq6-external-boundary/full/raw/openswe/openhands-minimax_m25/042526.json.gz,45684,3e8bed0418d57e0cd926b60793524e38629e4638ea243b170da7693272b806fa
docs/tmp/bootstrap/step-0002-20260722T182000-0700/experiment-rq6-external-boundary/full/raw/openswe/openhands-minimax_m25/042603.json.gz,594112,f3f69975cbcb0745d945d9da0b379bb7d1a3fe68f649ccfa66e10201d1616d88
docs/tmp/bootstrap/step-0002-20260722T182000-0700/experiment-rq6-external-boundary/full/raw/openswe/openhands-minimax_m25/042882.json.gz,36623,99a8943db88e35202fda29c39a84d43e56c735abbe3678de10b4fc0927571362
docs/tmp/bootstrap/step-0002-20260722T182000-0700/experiment-rq6-external-boundary/full/raw/openswe/openhands-minimax_m25/043103.json.gz,30903,5461421704d5a3273f59886b6a0ded3b9cbf71ba41fd009eb9ef2c8f1ccb32d5
docs/tmp/bootstrap/step-0002-20260722T182000-0700/experiment-rq6-external-boundary/full/raw/openswe/openhands-minimax_m25/043619.json.gz,42430,3fe69ad3bee7081b03a7b2dc22b7681741c90176a032b3d8317f331b09376458
docs/tmp/bootstrap/step-0002-20260722T182000-0700/experiment-rq6-external-boundary/full/raw/openswe/openhands-minimax_m25/044601.json.gz,39260,3862edb8112177f00f1ab0cd648bce17f93d220063a36dab4c784dce241c3459
docs/tmp/bootstrap/step-0002-20260722T182000-0700/experiment-rq6-external-boundary/full/raw/openswe/openhands-minimax_m25/046592.json.gz,20712,8b734af7068c9515931c13301ce9e0978164985a007d864c6b3f228687bd1454
docs/tmp/bootstrap/step-0002-20260722T182000-0700/experiment-rq6-external-boundary/full/raw/openswe/openhands-minimax_m25/048632.json.gz,405676,c0f5707a097bec5354e1aae425f04bd47bb33d20a1111f74d60093b27ad0efbf
docs/tmp/bootstrap/step-0002-20260722T182000-0700/experiment-rq6-external-boundary/full/raw/openswe/openhands-minimax_m25/048723.json.gz,43647,863400e19fbeb89372caf8f33e11339d6e458d58cb7c1e2fcdf735e765a07548
docs/tmp/bootstrap/step-0002-20260722T182000-0700/experiment-rq6-external-boundary/full/raw/openswe/openhands-minimax_m25/049070.json.gz,62168,ddf2cf68825ed0ea982086c4dccdbcdf07d175fc463ed6958e3079612a481c85
docs/tmp/bootstrap/step-0002-20260722T182000-0700/experiment-rq6-external-boundary/full/raw/openswe/openhands-minimax_m25/049442.json.gz,58224,993ad5d69f2605ce1a5c45c55ff691b1610bdb19257bb5dad2b8bee2962be775
docs/tmp/bootstrap/step-0002-20260722T182000-0700/experiment-rq6-external-boundary/full/raw/openswe/openhands-qwen35_122b/000642.json.gz,63584,a1e53bcb4c3b18e62f3088c429c2cebf4ecb49158c976efd3721f3968241f7f8
docs/tmp/bootstrap/step-0002-20260722T182000-0700/experiment-rq6-external-boundary/full/raw/openswe/openhands-qwen35_122b/000848.json.gz,44042,dd760c76702dc86e8fdcc3029579179c94f4a6ba4ed9a932b835f848507efd7d
docs/tmp/bootstrap/step-0002-20260722T182000-0700/experiment-rq6-external-boundary/full/raw/openswe/openhands-qwen35_122b/000994.json.gz,54358,f121c8f712c000872742768ae11703dfec4b1d0f6d923b07091a260b7efc1a5d
docs/tmp/bootstrap/step-0002-20260722T182000-0700/experiment-rq6-external-boundary/full/raw/openswe/openhands-qwen35_122b/001048.json.gz,63453,d45fc731d5afe45b53ebe2ef4e93b58a2b3710400545c6b8c12bfa8d62f17ed5
docs/tmp/bootstrap/step-0002-20260722T182000-0700/experiment-rq6-external-boundary/full/raw/openswe/openhands-qwen35_122b/001772.json.gz,42635,d4ea9113aa6811db49abb308cd426aa38142e98b38b2a20ef8bbae088a71de6f
docs/tmp/bootstrap/step-0002-20260722T182000-0700/experiment-rq6-external-boundary/full/raw/openswe/openhands-qwen35_122b/003372.json.gz,60947,786a9337a8d749646159899e17148bbd1c389804a2bd8e9e103cdd8716d647a0
docs/tmp/bootstrap/step-0002-20260722T182000-0700/experiment-rq6-external-boundary/full/raw/openswe/openhands-qwen35_122b/004492.json.gz,40833,37f860b146830ea5efdf6f58fc07b8fa59689c145ba9c953e6396af37d33b896
docs/tmp/bootstrap/step-0002-20260722T182000-0700/experiment-rq6-external-boundary/full/raw/openswe/openhands-qwen35_122b/005065.json.gz,49471,ce08f87d57811ef11bc784ec528d8f44c592092adc6a1d6478f82ebee34628a0
docs/tmp/bootstrap/step-0002-20260722T182000-0700/experiment-rq6-external-boundary/full/raw/openswe/openhands-qwen35_122b/005598.json.gz,48758,885af18237e9d70197eb8c72c0c729724bc81ff94a7717cb3d9366b8c0ea8dbf
docs/tmp/bootstrap/step-0002-20260722T182000-0700/experiment-rq6-external-boundary/full/raw/openswe/openhands-qwen35_122b/005806.json.gz,33859,4d395f0d65fc3e85e6efc03dd616c7b09e714b042c851753280c1e14b4f724fa
docs/tmp/bootstrap/step-0002-20260722T182000-0700/experiment-rq6-external-boundary/full/raw/openswe/openhands-qwen35_122b/006993.json.gz,56080,5c1826385a392b049c4e64b7a9e4d6a7ab67f7e43898e093c18a1c800285d1ce
docs/tmp/bootstrap/step-0002-20260722T182000-0700/experiment-rq6-external-boundary/full/raw/openswe/openhands-qwen35_122b/007900.json.gz,61176,b3d1eb27af2dc131ad8281a49c0b67185676f5dea544755d43e54f71059bd16e
docs/tmp/bootstrap/step-0002-20260722T182000-0700/experiment-rq6-external-boundary/full/raw/openswe/openhands-qwen35_122b/008122.json.gz,77593,248c939fcd07340b6ee6f839d5a24e97d7ea73dab4cb7f7663f26da1a59f8189
docs/tmp/bootstrap/step-0002-20260722T182000-0700/experiment-rq6-external-boundary/full/raw/openswe/openhands-qwen35_122b/008959.json.gz,49216,3f35f09c70274afda479fb63076e17b27f4f9e6559f3d73dd69e9ddab8970e87
docs/tmp/bootstrap/step-0002-20260722T182000-0700/experiment-rq6-external-boundary/full/raw/openswe/openhands-qwen35_122b/009941.json.gz,38016,e861a63fba02baa2c3db155c682d0a4c4dfcb89dc5f9947a28c79ff745d2367e
docs/tmp/bootstrap/step-0002-20260722T182000-0700/experiment-rq6-external-boundary/full/raw/openswe/openhands-qwen35_122b/010694.json.gz,44846,3e30a10526a040dd53532aec46808c801669c28b576bd93919c6394b28cf7ada
docs/tmp/bootstrap/step-0002-20260722T182000-0700/experiment-rq6-external-boundary/full/raw/openswe/openhands-qwen35_122b/010898.json.gz,47781,0ff001256d800b0b537afc5adba070d6f8e94004f50e69c0dfeda527c228f8ae
docs/tmp/bootstrap/step-0002-20260722T182000-0700/experiment-rq6-external-boundary/full/raw/openswe/openhands-qwen35_122b/012184.json.gz,36288,a86d77634e89ac07c62586d611d4b3e1846bcf45a0af628c4b177015e5ad39af
docs/tmp/bootstrap/step-0002-20260722T182000-0700/experiment-rq6-external-boundary/full/raw/openswe/openhands-qwen35_122b/012551.json.gz,39147,a83233b7e5b81ead16cb6f66ba1dfbb7aad3e4dc30419516ee3d693f8085cc80
docs/tmp/bootstrap/step-0002-20260722T182000-0700/experiment-rq6-external-boundary/full/raw/openswe/openhands-qwen35_122b/012833.json.gz,52940,ec30921dc6a917f60ed0941b1f975e31a800e3e28c414486197be49f25aedbfb
docs/tmp/bootstrap/step-0002-20260722T182000-0700/experiment-rq6-external-boundary/full/raw/openswe/openhands-qwen35_122b/013426.json.gz,56662,3cfbffce68089610b988c5d8cf7fac16d55b3840a3160a34a92bc481ccd36b37
docs/tmp/bootstrap/step-0002-20260722T182000-0700/experiment-rq6-external-boundary/full/raw/openswe/openhands-qwen35_122b/014358.json.gz,42476,3ceea66d3cffa1a816764cb163c888e23f315ed8ccff6b88e909958e4888a792
docs/tmp/bootstrap/step-0002-20260722T182000-0700/experiment-rq6-external-boundary/full/raw/openswe/openhands-qwen35_122b/015200.json.gz,59626,258e7c01be17c212c85a3f65de05f93cf2a3fe08d773855883ecabd3f950e74b
docs/tmp/bootstrap/step-0002-20260722T182000-0700/experiment-rq6-external-boundary/full/raw/openswe/openhands-qwen35_122b/016113.json.gz,79318,d06aa51b6c06f6c8d2bfb8eb9db8ad2bdb5fff20b8079f241e524b3b38d85fe2
docs/tmp/bootstrap/step-0002-20260722T182000-0700/experiment-rq6-external-boundary/full/raw/openswe/openhands-qwen35_122b/016374.json.gz,45877,32734e242518b173f636bad04cb2f6164eaf5797b5c9fe75661a1a7af3c06f36
docs/tmp/bootstrap/step-0002-20260722T182000-0700/experiment-rq6-external-boundary/full/raw/openswe/openhands-qwen35_122b/021073.json.gz,44821,fd6168f9c587ec3d9dd17dc6f5f7ae54086a2b6df6aa7941fec4c0a8354e793d
docs/tmp/bootstrap/step-0002-20260722T182000-0700/experiment-rq6-external-boundary/full/raw/openswe/openhands-qwen35_122b/021648.json.gz,42672,ac86c643573fb7796f57ec8ce91cc69a6057f617782ddc598b3d5f90fdce9edd
docs/tmp/bootstrap/step-0002-20260722T182000-0700/experiment-rq6-external-boundary/full/raw/openswe/openhands-qwen35_122b/021764.json.gz,54593,29ec9786077493112c6b9d299221d37c6f8c3b23bb0d8441e9467602d24248f4
docs/tmp/bootstrap/step-0002-20260722T182000-0700/experiment-rq6-external-boundary/full/raw/openswe/openhands-qwen35_122b/023322.json.gz,47973,970ad5ed76e1f9f947a427fa54d6dd9b90f5dc616f61bd24d3bdca3ae6dbdd25
docs/tmp/bootstrap/step-0002-20260722T182000-0700/experiment-rq6-external-boundary/full/raw/openswe/openhands-qwen35_122b/023536.json.gz,57623,ad71c07aae1cd775fc043008fd072f83f1701cb7bc7843569e9c190a762268a0
docs/tmp/bootstrap/step-0002-20260722T182000-0700/experiment-rq6-external-boundary/full/raw/openswe/openhands-qwen35_122b/023891.json.gz,48127,017cde389d88f025a4420cb86b2fd89c5e4a4c5bbcb7dd799f0e1ea24bb69645
docs/tmp/bootstrap/step-0002-20260722T182000-0700/experiment-rq6-external-boundary/full/raw/openswe/openhands-qwen35_122b/026911.json.gz,51712,c1d2cdf61688f77375f6bb8c4a2555716b9ad1dc0dcbf469b6f1a27f3f1c0bde
docs/tmp/bootstrap/step-0002-20260722T182000-0700/experiment-rq6-external-boundary/full/raw/openswe/openhands-qwen35_122b/027215.json.gz,49940,e7e1a80f36feb748766db23b11823d2da7940cc5debfe4b5fc7c930daec6daf1
docs/tmp/bootstrap/step-0002-20260722T182000-0700/experiment-rq6-external-boundary/full/raw/openswe/openhands-qwen35_122b/027372.json.gz,61932,6067750da6d5efbd60c207a63a1dc85d35723292ef382defa6d79d0b84f81f38
docs/tmp/bootstrap/step-0002-20260722T182000-0700/experiment-rq6-external-boundary/full/raw/openswe/openhands-qwen35_122b/028113.json.gz,39773,b5ca8c06b997e6dbb862f46228a86e88b978c82eb493418fef53cbe2d0ef3cea
docs/tmp/bootstrap/step-0002-20260722T182000-0700/experiment-rq6-external-boundary/full/raw/openswe/openhands-qwen35_122b/029179.json.gz,38443,22c1c0773e61a34b345df5441e61339c8f4bdbbb84f404675b87c5ee40ba35ab
docs/tmp/bootstrap/step-0002-20260722T182000-0700/experiment-rq6-external-boundary/full/raw/openswe/openhands-qwen35_122b/029359.json.gz,42511,50b18b968b8d0f8d3b0c765cb82f4034ac088d41bbbb21b58b2e467954017842
docs/tmp/bootstrap/step-0002-20260722T182000-0700/experiment-rq6-external-boundary/full/raw/openswe/openhands-qwen35_122b/031649.json.gz,38979,fc00166c4a6b3456d1bf218c230d6c421612876c7aa74ea3dd71fa1cb4c7bbae
docs/tmp/bootstrap/step-0002-20260722T182000-0700/experiment-rq6-external-boundary/full/raw/openswe/openhands-qwen35_122b/031964.json.gz,59395,d18222dda84219a159c0135b9aec597d8c21ce91073c673371982a17a62a4267
docs/tmp/bootstrap/step-0002-20260722T182000-0700/experiment-rq6-external-boundary/full/raw/openswe/openhands-qwen35_122b/034898.json.gz,36493,c1431eb21c2edd05a18f5a1ec8260fa2b307527dcf4973618aeb854dc290d012
docs/tmp/bootstrap/step-0002-20260722T182000-0700/experiment-rq6-external-boundary/full/raw/openswe/openhands-qwen35_122b/034951.json.gz,44934,66d49e3d1a1dea7e7693ec4003cc3c08572a1b27d2e4710d7e7506d68528dd8d
docs/tmp/bootstrap/step-0002-20260722T182000-0700/experiment-rq6-external-boundary/full/raw/openswe/openhands-qwen35_122b/035885.json.gz,41810,9b171a29c0b15f07ef515550df94703c8f683e0f342cf54aff67f0fdc3d44817
docs/tmp/bootstrap/step-0002-20260722T182000-0700/experiment-rq6-external-boundary/full/raw/openswe/openhands-qwen35_122b/037518.json.gz,30552,a9da7ae07e0d2c9c6af57bec9be526e382f1f6071ce1e13ee38403070aad4b7f
docs/tmp/bootstrap/step-0002-20260722T182000-0700/experiment-rq6-external-boundary/full/raw/openswe/openhands-qwen35_122b/037955.json.gz,49414,d71131d808349be5ee76e4f2d31d50bdff1c9e9d26d8dbdabf648665b59d2970
docs/tmp/bootstrap/step-0002-20260722T182000-0700/experiment-rq6-external-boundary/full/raw/openswe/openhands-qwen35_122b/038422.json.gz,55794,369ab97b82078c9e7cb1940635069081688373376e85fe50cd87a559d42e58f8
docs/tmp/bootstrap/step-0002-20260722T182000-0700/experiment-rq6-external-boundary/full/raw/openswe/openhands-qwen35_122b/038972.json.gz,35150,958dfdb993480ca1b53ae1ab7b085bf5b4db2856e22f22f15eac33ea446ceacf
docs/tmp/bootstrap/step-0002-20260722T182000-0700/experiment-rq6-external-boundary/full/raw/openswe/openhands-qwen35_122b/039637.json.gz,42583,16bb908ad5bd4e6952fa67d416f31e0c15a71b878760bff8b5843555c38ab328
docs/tmp/bootstrap/step-0002-20260722T182000-0700/experiment-rq6-external-boundary/full/raw/openswe/openhands-qwen35_122b/040978.json.gz,39607,d2285352f640bc9f2a99d76e2b7d14db43d5608693246d3ff000908318cdcca1
docs/tmp/bootstrap/step-0002-20260722T182000-0700/experiment-rq6-external-boundary/full/raw/openswe/openhands-qwen35_122b/042725.json.gz,48412,aaccc5cb79e081c27f2afd420b12f76232a7873e0316bcb2522af5366c1b6973
docs/tmp/bootstrap/step-0002-20260722T182000-0700/experiment-rq6-external-boundary/full/raw/openswe/openhands-qwen35_122b/045326.json.gz,31114,ba0fbd932f2d240c34f5e81d52238a8d108a27a1e46999961f4219bb344b76c9
docs/tmp/bootstrap/step-0002-20260722T182000-0700/experiment-rq6-external-boundary/full/raw/openswe/openhands-qwen35_122b/045417.json.gz,71478,3947afb4822d49e93ebb385c14ee12605a299c951c040dd40fa2130693e8e655
docs/tmp/bootstrap/step-0002-20260722T182000-0700/experiment-rq6-external-boundary/full/raw/openswe/openhands-qwen35_122b/046560.json.gz,80748,8db12537e71fbda93312d5193197e649823c24edc26e59eb722670bdfd698a26
docs/tmp/bootstrap/step-0002-20260722T182000-0700/experiment-rq6-external-boundary/full/raw/openswe/openhands-qwen35_122b/047163.json.gz,42887,c48672c282ceac245c16560411096efc7ad18d8d054254bdd33e7c155668e4e5
docs/tmp/bootstrap/step-0002-20260722T182000-0700/experiment-rq6-external-boundary/full/raw/openswe/openhands-qwen35_122b/047931.json.gz,79952,333d94dbf73e13cba417f9b477436860d8613c83feabda65fe8446b4aee1920b
docs/tmp/bootstrap/step-0002-20260722T182000-0700/experiment-rq6-external-boundary/full/raw/openswe/openhands-qwen35_122b/048151.json.gz,23117,2c9c9d177cfae53c7ff597faf1a43a558a679bf0a6ec239a13f0850858432fff
docs/tmp/bootstrap/step-0002-20260722T182000-0700/experiment-rq6-external-boundary/full/raw/openswe/openhands-qwen35_122b/048549.json.gz,45730,10c1248eeb0011e3af44ceb71e40b694eef041f52db2b16e64eda10361dfb468
docs/tmp/bootstrap/step-0002-20260722T182000-0700/experiment-rq6-external-boundary/full/raw/openswe/openhands-qwen35_122b/049446.json.gz,43652,49ea5f81eb35003e1fe247024114df814b0d6813b318545675c425736fe01981
docs/tmp/bootstrap/step-0002-20260722T182000-0700/experiment-rq6-external-boundary/full/raw/openswe/openhands-qwen35_122b/049672.json.gz,43682,673848ccb5f2e502609836c704201f2ee2ac651733d0d4e5a14299d9e3991747
docs/tmp/bootstrap/step-0002-20260722T182000-0700/experiment-rq6-external-boundary/full/raw/openswe/openhands-qwen35_122b/050434.json.gz,42793,9c64ba82c54132194736d9f0028829dd09756084a5d9137e4c0e6e0243285022
docs/tmp/bootstrap/step-0002-20260722T182000-0700/experiment-rq6-external-boundary/full/raw/openswe/openhands-qwen35_122b/051131.json.gz,46008,22e8f8a31e53a1ca6a77d5763b060832dfe2b14bff1475a45f754e3773975999
docs/tmp/bootstrap/step-0002-20260722T182000-0700/experiment-rq6-external-boundary/full/raw/openswe/openhands-qwen35_122b/053304.json.gz,43290,0549697d8877bc38bbbef6ba76413ae05646afe5cacd4b01bfed69037db631a6
docs/tmp/bootstrap/step-0002-20260722T182000-0700/experiment-rq6-external-boundary/full/raw/openswe/openhands-qwen35_122b/053609.json.gz,62128,8da9836466ae846b7a065fca904871f59d9c4d5013c6a6f34bac723a6410ba2c
docs/tmp/bootstrap/step-0002-20260722T182000-0700/experiment-rq6-external-boundary/full/raw/openswe/openhands-qwen35_122b/053767.json.gz,51074,8a72e421b42a1052ffb93556d65ff47490157af8d6c1f5daf287e93107fda447
docs/tmp/bootstrap/step-0002-20260722T182000-0700/experiment-rq6-external-boundary/full/raw/openswe/openhands-qwen35_122b/054207.json.gz,43246,6a105ff8587576b3fe4b7f649ecf70c2196dc5c5f1bc590415423227c05e9a99
docs/tmp/bootstrap/step-0002-20260722T182000-0700/experiment-rq6-external-boundary/full/raw/openswe/sweagent-minimax_m25/000318.json.gz,62375,94be4499228c32cfdb89a8ae26c47bc72846d46662c47efdb52339e55c6e3b94
docs/tmp/bootstrap/step-0002-20260722T182000-0700/experiment-rq6-external-boundary/full/raw/openswe/sweagent-minimax_m25/000685.json.gz,53230,399207ecec82012997c4e9a2d6d63f0cb8aad346faa1b0456611b1230ea77561
docs/tmp/bootstrap/step-0002-20260722T182000-0700/experiment-rq6-external-boundary/full/raw/openswe/sweagent-minimax_m25/000901.json.gz,42016,062ee11f82457fc1c72fc58005faa7fc1756b66e8855915b267e5c37f8fec9ab
docs/tmp/bootstrap/step-0002-20260722T182000-0700/experiment-rq6-external-boundary/full/raw/openswe/sweagent-minimax_m25/002641.json.gz,53707,727fa1e13c578558411d9749d27259750bbf869e4268918f02cedf73ed9da0c9
docs/tmp/bootstrap/step-0002-20260722T182000-0700/experiment-rq6-external-boundary/full/raw/openswe/sweagent-minimax_m25/004116.json.gz,59096,151f9d044724b517a8cefbfeca05ab352dddcd3a6434779f91df6f7c553cc0a4
docs/tmp/bootstrap/step-0002-20260722T182000-0700/experiment-rq6-external-boundary/full/raw/openswe/sweagent-minimax_m25/004695.json.gz,45429,ad0168c45cce3c34a1adea87c51e4977bae618b531e16d27ecddb8561d7ce5b7
docs/tmp/bootstrap/step-0002-20260722T182000-0700/experiment-rq6-external-boundary/full/raw/openswe/sweagent-minimax_m25/006599.json.gz,42911,9717ef8f5c34e2430c7c5151791b2af1b7dbc78a5d49b30b08a48ff39437ff9b
docs/tmp/bootstrap/step-0002-20260722T182000-0700/experiment-rq6-external-boundary/full/raw/openswe/sweagent-minimax_m25/006825.json.gz,42477,ce9e4de6865ed147828143b3c1121e3b4557fe7ab37d037e8d5bc7f404441a1c
docs/tmp/bootstrap/step-0002-20260722T182000-0700/experiment-rq6-external-boundary/full/raw/openswe/sweagent-minimax_m25/006844.json.gz,16956,0113dfcaaf906fa66d73bb168619e76fa762fd2a6724f4812098afba230f4761
docs/tmp/bootstrap/step-0002-20260722T182000-0700/experiment-rq6-external-boundary/full/raw/openswe/sweagent-minimax_m25/007128.json.gz,40906,4fd0b46e8bbf2c2785a448c5c109f4ba72833ccf4259bdfef75660767179ccdf
docs/tmp/bootstrap/step-0002-20260722T182000-0700/experiment-rq6-external-boundary/full/raw/openswe/sweagent-minimax_m25/007688.json.gz,23090,073b7b88e8522b1dee2f95bfb274d18f7ca5a3ef0ae07fbbbc70f78e1d66eaa2
docs/tmp/bootstrap/step-0002-20260722T182000-0700/experiment-rq6-external-boundary/full/raw/openswe/sweagent-minimax_m25/007906.json.gz,53878,52c9f42776f56b78e809eb75779a57779fb91c8daba705e1f1e8adf1f9720a3c
docs/tmp/bootstrap/step-0002-20260722T182000-0700/experiment-rq6-external-boundary/full/raw/openswe/sweagent-minimax_m25/008708.json.gz,75256,95868a70bdb230c8cd684e2c9d85e24ec4307bec9363f54a1264164a09a5a65c
docs/tmp/bootstrap/step-0002-20260722T182000-0700/experiment-rq6-external-boundary/full/raw/openswe/sweagent-minimax_m25/008801.json.gz,116443,993b2c00e6fb66c4b8d0f23449b27fa90c04823064167cd201f3360d00aafe54
docs/tmp/bootstrap/step-0002-20260722T182000-0700/experiment-rq6-external-boundary/full/raw/openswe/sweagent-minimax_m25/011154.json.gz,74974,8bf84ae5ecf8a5073262a8aa94650e676820f47f346186be711a9419792fe6ac
docs/tmp/bootstrap/step-0002-20260722T182000-0700/experiment-rq6-external-boundary/full/raw/openswe/sweagent-minimax_m25/011794.json.gz,68319,2617b718d71644fedeab45f04d383a6be069d98aa64c840a041a200532e6b100
docs/tmp/bootstrap/step-0002-20260722T182000-0700/experiment-rq6-external-boundary/full/raw/openswe/sweagent-minimax_m25/011811.json.gz,48012,3e990ebc22b016e211d166c6db389487376450170ae4e05c3fe8b029bc624a91
docs/tmp/bootstrap/step-0002-20260722T182000-0700/experiment-rq6-external-boundary/full/raw/openswe/sweagent-minimax_m25/012587.json.gz,40912,f665bab6011a6cee83520f9dd90cd9b83b4a709864a9d2431e9b26ab4fdc7f0d
docs/tmp/bootstrap/step-0002-20260722T182000-0700/experiment-rq6-external-boundary/full/raw/openswe/sweagent-minimax_m25/012945.json.gz,44716,96e7286d2bf074488d3f19930a0aabb0e12f503b81ccac62dccdcbcbe8f6e37b
docs/tmp/bootstrap/step-0002-20260722T182000-0700/experiment-rq6-external-boundary/full/raw/openswe/sweagent-minimax_m25/013475.json.gz,57834,3df735b9b178926ab5afbfeb6ad97149a34bcca9b85825abce4883eb1befdd45
docs/tmp/bootstrap/step-0002-20260722T182000-0700/experiment-rq6-external-boundary/full/raw/openswe/sweagent-minimax_m25/014588.json.gz,45233,4e24715808883c1b51a1bd29bf0bad793622372bfd3bbc8592cdc5a3f053f04c
docs/tmp/bootstrap/step-0002-20260722T182000-0700/experiment-rq6-external-boundary/full/raw/openswe/sweagent-minimax_m25/016210.json.gz,32060,60b1c5ebb17b51293fb394eda5adfad5da2f50b780eee33f871fd1c7d2abdf76
docs/tmp/bootstrap/step-0002-20260722T182000-0700/experiment-rq6-external-boundary/full/raw/openswe/sweagent-minimax_m25/016666.json.gz,73152,d929c4e3979c93d21480f7bf2964f512e48501f54293797370b25e6d741381ed
docs/tmp/bootstrap/step-0002-20260722T182000-0700/experiment-rq6-external-boundary/full/raw/openswe/sweagent-minimax_m25/016915.json.gz,70376,47d691d3c2202e76a978b00930a32755ad619d70e79244145ef8b1c89e1d3562
docs/tmp/bootstrap/step-0002-20260722T182000-0700/experiment-rq6-external-boundary/full/raw/openswe/sweagent-minimax_m25/019941.json.gz,39298,4a92b06217921d11fd4cfc84794d78e91e72a1a03829da590beb6e310146eca4
docs/tmp/bootstrap/step-0002-20260722T182000-0700/experiment-rq6-external-boundary/full/raw/openswe/sweagent-minimax_m25/020596.json.gz,37248,f98e4c649b1e99aa4636d7be678170236befc7e8a0125a5d40ac08ab5f76c723
docs/tmp/bootstrap/step-0002-20260722T182000-0700/experiment-rq6-external-boundary/full/raw/openswe/sweagent-minimax_m25/023141.json.gz,42288,542dd1a49990e98a84296955796977b02c962f20d40e6675353a3262f803ddb7
docs/tmp/bootstrap/step-0002-20260722T182000-0700/experiment-rq6-external-boundary/full/raw/openswe/sweagent-minimax_m25/023351.json.gz,36192,40c5ff6f8949dc11b8812739f43ba8434b56514e125ea3fdf00d24cedfa38fc8
docs/tmp/bootstrap/step-0002-20260722T182000-0700/experiment-rq6-external-boundary/full/raw/openswe/sweagent-minimax_m25/024287.json.gz,75515,7f0db5f638201467559d78367f429e6cc60b4b20d313e657e2f3c990997c9ad0
docs/tmp/bootstrap/step-0002-20260722T182000-0700/experiment-rq6-external-boundary/full/raw/openswe/sweagent-minimax_m25/024879.json.gz,76965,bb0d76b0d2193cb0e671ca20729475ea24acea45074076792a87b40145341f26
docs/tmp/bootstrap/step-0002-20260722T182000-0700/experiment-rq6-external-boundary/full/raw/openswe/sweagent-minimax_m25/025263.json.gz,38386,0115ffad812776c34199fecc4cd1447901e1123f0d84b49e1cf64cf98d56a6dc
docs/tmp/bootstrap/step-0002-20260722T182000-0700/experiment-rq6-external-boundary/full/raw/openswe/sweagent-minimax_m25/025839.json.gz,34805,5ff9fffeaf5d264e46871bc458cdc348cf46f33fb652019adef11df5cf735857
docs/tmp/bootstrap/step-0002-20260722T182000-0700/experiment-rq6-external-boundary/full/raw/openswe/sweagent-minimax_m25/025849.json.gz,57991,5d284ed3a61f9babe79af117f0549c21af418d88a0a907264400de4c994d4996
docs/tmp/bootstrap/step-0002-20260722T182000-0700/experiment-rq6-external-boundary/full/raw/openswe/sweagent-minimax_m25/025938.json.gz,42919,df3379b2d0395a7682ecbe2b22adfdb7a96dd1f6b9728870b42dc3a389dbc674
docs/tmp/bootstrap/step-0002-20260722T182000-0700/experiment-rq6-external-boundary/full/raw/openswe/sweagent-minimax_m25/028325.json.gz,66272,3b2b2de8f81cc5cee49c99659afa1fd901e3ff6ee713ab788991fdf5a741df12
docs/tmp/bootstrap/step-0002-20260722T182000-0700/experiment-rq6-external-boundary/full/raw/openswe/sweagent-minimax_m25/028757.json.gz,44796,090857f9857cedbef34f75afa0e30ae477421d8bb89d1cb28fde8ea319b0c90d
docs/tmp/bootstrap/step-0002-20260722T182000-0700/experiment-rq6-external-boundary/full/raw/openswe/sweagent-minimax_m25/028906.json.gz,58487,914e2e5693eb14f80743628958f988d56274325678622b3934297dedbefca54b
docs/tmp/bootstrap/step-0002-20260722T182000-0700/experiment-rq6-external-boundary/full/raw/openswe/sweagent-minimax_m25/031368.json.gz,48079,8047d884a9b7b5c7f566f2526a79b91319e368b7e082f0ac9444173fcfc96e48
docs/tmp/bootstrap/step-0002-20260722T182000-0700/experiment-rq6-external-boundary/full/raw/openswe/sweagent-minimax_m25/031466.json.gz,51573,7edd394f089a847571e37732a59d32517e0af07f7bd527dc3a8309779516f9db
docs/tmp/bootstrap/step-0002-20260722T182000-0700/experiment-rq6-external-boundary/full/raw/openswe/sweagent-minimax_m25/032133.json.gz,76247,b5bac9d71469b280204b8e54e046247ec34e3844d8bbcff5520377eb9cb95123
docs/tmp/bootstrap/step-0002-20260722T182000-0700/experiment-rq6-external-boundary/full/raw/openswe/sweagent-minimax_m25/032555.json.gz,42879,84c3c2fd3602ebf0acbd4ef560f46be03f1aadb8f8a649eab993a7b4e27a95cb
docs/tmp/bootstrap/step-0002-20260722T182000-0700/experiment-rq6-external-boundary/full/raw/openswe/sweagent-minimax_m25/033407.json.gz,55792,3c409de77bd6235d4cc9989cfd417feefb8791c6c45bd268708923d2e0cb3671
docs/tmp/bootstrap/step-0002-20260722T182000-0700/experiment-rq6-external-boundary/full/raw/openswe/sweagent-minimax_m25/033939.json.gz,36069,356e4ef13ea3884fd2265558eca86e28d5d955f2a7510c7df14143ef1b1a802b
docs/tmp/bootstrap/step-0002-20260722T182000-0700/experiment-rq6-external-boundary/full/raw/openswe/sweagent-minimax_m25/033967.json.gz,51893,83afa72a18ef66ea9119750238a4ea9f33c39fc2dd08a452a3a36c834badee2f
docs/tmp/bootstrap/step-0002-20260722T182000-0700/experiment-rq6-external-boundary/full/raw/openswe/sweagent-minimax_m25/034416.json.gz,31226,ebc2a6c5c6d6a3554e130749668df8c5a8cd65664d913a289bb59f5a35c42641
docs/tmp/bootstrap/step-0002-20260722T182000-0700/experiment-rq6-external-boundary/full/raw/openswe/sweagent-minimax_m25/035504.json.gz,29891,d002e56c1da4ea59c6e42d1b8e771cf6bc10e22dd8720e183175305946d1cebe
docs/tmp/bootstrap/step-0002-20260722T182000-0700/experiment-rq6-external-boundary/full/raw/openswe/sweagent-minimax_m25/036044.json.gz,47954,14570c9c8b80005468ebe8c55f6942680ca1031a48b760c31446f63635fb9dca
docs/tmp/bootstrap/step-0002-20260722T182000-0700/experiment-rq6-external-boundary/full/raw/openswe/sweagent-minimax_m25/036491.json.gz,62741,4192d74a12030aa9a7b4de235e3836c2bcd052491553c2fae6e84d545c4d4917
docs/tmp/bootstrap/step-0002-20260722T182000-0700/experiment-rq6-external-boundary/full/raw/openswe/sweagent-minimax_m25/039161.json.gz,51863,b0896fd5204c2d06ed9e67b0062e9c17a2e1d6babc393fdf843d50290880f73d
docs/tmp/bootstrap/step-0002-20260722T182000-0700/experiment-rq6-external-boundary/full/raw/openswe/sweagent-minimax_m25/039359.json.gz,83370,2e5d19bbb398560c5e00899bbeb50aa81fb5844c0bfe48b43aef67f1c63fafea
docs/tmp/bootstrap/step-0002-20260722T182000-0700/experiment-rq6-external-boundary/full/raw/openswe/sweagent-minimax_m25/041710.json.gz,28764,9381d96a396328d34f1367b78204a402ab876ed5247488c3f6457b7c1f4ee803
docs/tmp/bootstrap/step-0002-20260722T182000-0700/experiment-rq6-external-boundary/full/raw/openswe/sweagent-minimax_m25/042869.json.gz,34187,95fbc4b2765102bf8da3543a6c7182c226d4e6faf5193e17f03f0bc6a0245982
docs/tmp/bootstrap/step-0002-20260722T182000-0700/experiment-rq6-external-boundary/full/raw/openswe/sweagent-minimax_m25/043665.json.gz,63922,4142eb19265e2e100d6f5baee62f40d2e1ece18ab9e5c5cc40145021c12a8d7d
docs/tmp/bootstrap/step-0002-20260722T182000-0700/experiment-rq6-external-boundary/full/raw/openswe/sweagent-minimax_m25/044726.json.gz,26771,d33671bd9fcc5d9023b48332565d16ad3ee289559755fe31f756e16f9fdce9e6
docs/tmp/bootstrap/step-0002-20260722T182000-0700/experiment-rq6-external-boundary/full/raw/openswe/sweagent-minimax_m25/044793.json.gz,30220,b2010ef407d48016d4f7b28dd70098aff3d4bf8736317d7a4022bca06bc08628
docs/tmp/bootstrap/step-0002-20260722T182000-0700/experiment-rq6-external-boundary/full/raw/openswe/sweagent-minimax_m25/045532.json.gz,40789,ec039988d5f99cc2d661c73a3b598c78be990a81bd762ae8883a740e0303de53
docs/tmp/bootstrap/step-0002-20260722T182000-0700/experiment-rq6-external-boundary/full/raw/openswe/sweagent-minimax_m25/045563.json.gz,121674,c7928a04e1ddac430b5a56b4adea1f3aeb90a56178e90e5eb3adbd2a99479131
docs/tmp/bootstrap/step-0002-20260722T182000-0700/experiment-rq6-external-boundary/full/raw/openswe/sweagent-minimax_m25/046255.json.gz,49789,08acce2c528308590b319787643638fcee1047902b6325de4baf8357727ee6bd
docs/tmp/bootstrap/step-0002-20260722T182000-0700/experiment-rq6-external-boundary/full/raw/openswe/sweagent-minimax_m25/046955.json.gz,49999,787afe3ac3f0a691c4558e2b87e2ee42ccf8503a7de402087f5deead4205045a
docs/tmp/bootstrap/step-0002-20260722T182000-0700/experiment-rq6-external-boundary/full/raw/openswe/sweagent-minimax_m25/052327.json.gz,27069,54e557d3191ac32dad1023bbce51565932595b2e09a02181e723de11f37e249c
docs/tmp/bootstrap/step-0002-20260722T182000-0700/experiment-rq6-external-boundary/full/raw/openswe/sweagent-minimax_m25/053739.json.gz,48360,9b5be394d71f4f96310b4f2a86739fd7393ad893d571ea57bd7fe8f1897d3270
docs/tmp/bootstrap/step-0002-20260722T182000-0700/experiment-rq6-external-boundary/full/raw/openswe/sweagent-minimax_m25/055975.json.gz,56741,76ab0cfa36f484f90e8944175cb32f08c2961b6d39d22bd72ed4cbcca2344302
docs/tmp/bootstrap/step-0002-20260722T182000-0700/experiment-rq6-external-boundary/full/raw/openswe/sweagent-minimax_m25/056180.json.gz,55137,fcd2b460ebd69ea51d309d5fe971da9d39ccaa78a90567ad39ff8bf9161a60ee
docs/tmp/bootstrap/step-0002-20260722T182000-0700/experiment-rq6-external-boundary/full/raw/openswe/sweagent-minimax_m25/056467.json.gz,26890,f45350db759a9281ad9f73c2cee0006d3637e53a86211d428d09cbbba1242365
docs/tmp/bootstrap/step-0002-20260722T182000-0700/experiment-rq6-external-boundary/full/raw/openswe/sweagent-qwen35_122b/000394.json.gz,62999,565822805efe7ccd000e5d650b3284f66b8be921bdc838c916659898b7e971e3
docs/tmp/bootstrap/step-0002-20260722T182000-0700/experiment-rq6-external-boundary/full/raw/openswe/sweagent-qwen35_122b/000692.json.gz,53925,178d8c93979b89206954d795f5cab1b88cf38a0731fea5cfdf2df7488b0f1f86
docs/tmp/bootstrap/step-0002-20260722T182000-0700/experiment-rq6-external-boundary/full/raw/openswe/sweagent-qwen35_122b/001624.json.gz,52227,37e52114f8ec61f04516d34e200b6e3142f821c72bf40f1620511e5e28f97602
docs/tmp/bootstrap/step-0002-20260722T182000-0700/experiment-rq6-external-boundary/full/raw/openswe/sweagent-qwen35_122b/002510.json.gz,62205,74ce461fe3514302d1b0349e991f56096f3316e6501626e305d3f337acf5c228
docs/tmp/bootstrap/step-0002-20260722T182000-0700/experiment-rq6-external-boundary/full/raw/openswe/sweagent-qwen35_122b/002879.json.gz,88109,d1d02968013b732c736bea7fd3ad2506e674e5468d9f41642ab579d6f98c8a7c
docs/tmp/bootstrap/step-0002-20260722T182000-0700/experiment-rq6-external-boundary/full/raw/openswe/sweagent-qwen35_122b/003042.json.gz,65158,f87817edfc5261cdd0b3a30dd406cd974bbe19b420eaca756982cbbeda1d8e1c
docs/tmp/bootstrap/step-0002-20260722T182000-0700/experiment-rq6-external-boundary/full/raw/openswe/sweagent-qwen35_122b/006938.json.gz,155235,0445fcba856e3139159c94dd55950bdf4d0f94f8be45063e2c2bd64b433aa153
docs/tmp/bootstrap/step-0002-20260722T182000-0700/experiment-rq6-external-boundary/full/raw/openswe/sweagent-qwen35_122b/007830.json.gz,68801,a11972e7ead487b130063c9af0b93a00620c94583bc82b7da17b2594b207ea85
docs/tmp/bootstrap/step-0002-20260722T182000-0700/experiment-rq6-external-boundary/full/raw/openswe/sweagent-qwen35_122b/007900.json.gz,54873,21622330a2eafcae51ecef127edda5d96c7c11ce675774a5ae32f46d561477c4
docs/tmp/bootstrap/step-0002-20260722T182000-0700/experiment-rq6-external-boundary/full/raw/openswe/sweagent-qwen35_122b/008443.json.gz,54311,acdd2ecff0bd3d3a64d9c6401ee4accd272cc8f752aa7e7c73073de566651380
docs/tmp/bootstrap/step-0002-20260722T182000-0700/experiment-rq6-external-boundary/full/raw/openswe/sweagent-qwen35_122b/008670.json.gz,83330,0dc1ef7687875862964c3e0b730b2b2769163f05725d2577c46a8c8617a022d2
docs/tmp/bootstrap/step-0002-20260722T182000-0700/experiment-rq6-external-boundary/full/raw/openswe/sweagent-qwen35_122b/011141.json.gz,58040,023f8900c59e31870669b9832c9f64149fa44c0afbb8e546d7a6680d1740d281
docs/tmp/bootstrap/step-0002-20260722T182000-0700/experiment-rq6-external-boundary/full/raw/openswe/sweagent-qwen35_122b/012095.json.gz,49813,f24a978ef36a297970b49a03bb70abc6b10068f3f1d611097a4cc7ebdb56e6ec
docs/tmp/bootstrap/step-0002-20260722T182000-0700/experiment-rq6-external-boundary/full/raw/openswe/sweagent-qwen35_122b/012145.json.gz,105034,fff0403fdf97859681f46c39eb4b6381a0b3db672125a7a5cfce43bffa73d105
docs/tmp/bootstrap/step-0002-20260722T182000-0700/experiment-rq6-external-boundary/full/raw/openswe/sweagent-qwen35_122b/012474.json.gz,54967,04485dfadbade23edb03aec8f12441ac663cb5d7d56bc5716f564663a7ac987d
docs/tmp/bootstrap/step-0002-20260722T182000-0700/experiment-rq6-external-boundary/full/raw/openswe/sweagent-qwen35_122b/012478.json.gz,80552,1c99ac0acc9f2f8a9d5ba3bbea85e03134cf919a7ca8c7cccc88346406783efa
docs/tmp/bootstrap/step-0002-20260722T182000-0700/experiment-rq6-external-boundary/full/raw/openswe/sweagent-qwen35_122b/013240.json.gz,105681,d91ddf43b6650947f9eaf698d4c732ef1d89e778cc056fe4ffc23f5af2feb01c
docs/tmp/bootstrap/step-0002-20260722T182000-0700/experiment-rq6-external-boundary/full/raw/openswe/sweagent-qwen35_122b/014054.json.gz,61837,ee35312356a801cf9236766590090c76248655c65ae5be067ca981f0e79147bd
docs/tmp/bootstrap/step-0002-20260722T182000-0700/experiment-rq6-external-boundary/full/raw/openswe/sweagent-qwen35_122b/015328.json.gz,67564,d3226807bd7cfed83048bc451a76cd08839c46cd8b58e09d4f37a8db68849af2
docs/tmp/bootstrap/step-0002-20260722T182000-0700/experiment-rq6-external-boundary/full/raw/openswe/sweagent-qwen35_122b/015817.json.gz,42575,2f5bdee36b1c7e04a9202e9f1acb4816a8633049f45ccb037c533e894ced2fb1
docs/tmp/bootstrap/step-0002-20260722T182000-0700/experiment-rq6-external-boundary/full/raw/openswe/sweagent-qwen35_122b/016927.json.gz,54453,2ca7b520d555d5dc14f1c67069772adb77b2f6047115c49cb244af40e4ada9e1
docs/tmp/bootstrap/step-0002-20260722T182000-0700/experiment-rq6-external-boundary/full/raw/openswe/sweagent-qwen35_122b/017785.json.gz,33355,a6519f159e0fc02cebd139939e51cd775a8cdf581e6de829c751fee8d14a135e
docs/tmp/bootstrap/step-0002-20260722T182000-0700/experiment-rq6-external-boundary/full/raw/openswe/sweagent-qwen35_122b/018293.json.gz,52252,49572626c68cbc2acd3ead75e6bdfb3866f64271cd4250a8b38de48e4dd8e73a
docs/tmp/bootstrap/step-0002-20260722T182000-0700/experiment-rq6-external-boundary/full/raw/openswe/sweagent-qwen35_122b/018361.json.gz,48936,880a0746c5675a52c7cf201312558645d248d29b4e28fc1079b163dfbe388a76
docs/tmp/bootstrap/step-0002-20260722T182000-0700/experiment-rq6-external-boundary/full/raw/openswe/sweagent-qwen35_122b/018870.json.gz,56204,275fa3f27876219262a7b0d916a72891e1a6e49d0f81196461e4f5d5fc11d948
docs/tmp/bootstrap/step-0002-20260722T182000-0700/experiment-rq6-external-boundary/full/raw/openswe/sweagent-qwen35_122b/018959.json.gz,70361,de6b537fe7f46d7e395167779f4ad3f5bf879ec8e60d2e153211b459a402fd3b
docs/tmp/bootstrap/step-0002-20260722T182000-0700/experiment-rq6-external-boundary/full/raw/openswe/sweagent-qwen35_122b/019418.json.gz,55106,9d90448c9594ecab16018e1e90bd635db10c0a5e56e1665bc3afc54b5826349e
docs/tmp/bootstrap/step-0002-20260722T182000-0700/experiment-rq6-external-boundary/full/raw/openswe/sweagent-qwen35_122b/019740.json.gz,70412,a612bf266906fc74d2362badfeed221468967a521985adf9352795c62972de78
docs/tmp/bootstrap/step-0002-20260722T182000-0700/experiment-rq6-external-boundary/full/raw/openswe/sweagent-qwen35_122b/020172.json.gz,66230,40dba0995936bea85c3b496f79263d050274abb6028c54380b98c3c814c913ab
docs/tmp/bootstrap/step-0002-20260722T182000-0700/experiment-rq6-external-boundary/full/raw/openswe/sweagent-qwen35_122b/020438.json.gz,49807,06e4b3cae3eec9d8eb0d68e3c133f626ee4b49aa80980dccf768f99dba473225
docs/tmp/bootstrap/step-0002-20260722T182000-0700/experiment-rq6-external-boundary/full/raw/openswe/sweagent-qwen35_122b/020711.json.gz,48451,1c601b390439e944be4b905dff8e784df2b93b3cb59ae508a4e5435ede3848ad
docs/tmp/bootstrap/step-0002-20260722T182000-0700/experiment-rq6-external-boundary/full/raw/openswe/sweagent-qwen35_122b/021132.json.gz,66819,16b85553a99ab30443bbca2fb54b08849fd96ba86eb03c8f60e4afec7ffb39d1
docs/tmp/bootstrap/step-0002-20260722T182000-0700/experiment-rq6-external-boundary/full/raw/openswe/sweagent-qwen35_122b/021980.json.gz,66966,82a1e1a1e4f687d8297b03263da33642ac728be98e3010ebb6eb586a69657e15
docs/tmp/bootstrap/step-0002-20260722T182000-0700/experiment-rq6-external-boundary/full/raw/openswe/sweagent-qwen35_122b/022696.json.gz,42581,538e1067a5009e8cff8ed375a2830a68951b106b6e67bdd524e98dfdeff06eaf
docs/tmp/bootstrap/step-0002-20260722T182000-0700/experiment-rq6-external-boundary/full/raw/openswe/sweagent-qwen35_122b/025249.json.gz,46304,92dc9eead859f4b2f59faf3837c89c9b3fdd6c91a30f72905232b479112ba6b4
docs/tmp/bootstrap/step-0002-20260722T182000-0700/experiment-rq6-external-boundary/full/raw/openswe/sweagent-qwen35_122b/025606.json.gz,53363,450dac91d630dac11c8746737a242a6612221a343a72eb0bdd18efc5a6fd02f9
docs/tmp/bootstrap/step-0002-20260722T182000-0700/experiment-rq6-external-boundary/full/raw/openswe/sweagent-qwen35_122b/026711.json.gz,56017,c09fc2983c2766fb954d44fd4c000ceee8d3a0556011f01d4e3a41e961c2237c
docs/tmp/bootstrap/step-0002-20260722T182000-0700/experiment-rq6-external-boundary/full/raw/openswe/sweagent-qwen35_122b/026975.json.gz,62874,7ee2a9dbec6c86d145db43fd716c974d84d2fdf746939bf8f6d39fa00d9ae3dc
docs/tmp/bootstrap/step-0002-20260722T182000-0700/experiment-rq6-external-boundary/full/raw/openswe/sweagent-qwen35_122b/027240.json.gz,44625,8aab25f8c618ab860aca05c78dd53a581433194ec3c7739521ecf4ffe99889f5
docs/tmp/bootstrap/step-0002-20260722T182000-0700/experiment-rq6-external-boundary/full/raw/openswe/sweagent-qwen35_122b/027745.json.gz,142612,8e765fa51b35b738559463e09bfc273ee34ab68ee9277ddb1efc99c150401fcd
docs/tmp/bootstrap/step-0002-20260722T182000-0700/experiment-rq6-external-boundary/full/raw/openswe/sweagent-qwen35_122b/029238.json.gz,55128,2170f632207968f88b7b387c4ceb9e72082eb3b2b838e34772e2ce2666e85f65
docs/tmp/bootstrap/step-0002-20260722T182000-0700/experiment-rq6-external-boundary/full/raw/openswe/sweagent-qwen35_122b/029419.json.gz,86153,acd9547fd74337484be59cf01f76f43a2930e9a9d81ae48c83e52507e7ae13f4
docs/tmp/bootstrap/step-0002-20260722T182000-0700/experiment-rq6-external-boundary/full/raw/openswe/sweagent-qwen35_122b/029481.json.gz,53891,04ef336346e3793e88c4f6ac9aea2e62eedc76755170d78e0b64f5c9492a5c15
docs/tmp/bootstrap/step-0002-20260722T182000-0700/experiment-rq6-external-boundary/full/raw/openswe/sweagent-qwen35_122b/029574.json.gz,80042,54fdd6ddf72372a806260235fb83512b5e3cd5d4d438e1153d86bf6594bc384d
docs/tmp/bootstrap/step-0002-20260722T182000-0700/experiment-rq6-external-boundary/full/raw/openswe/sweagent-qwen35_122b/030421.json.gz,53894,4ba385523baa6a7b2fc3dffabb4382e8ec23fb0e0d50da2c84d16793ab1c4107
docs/tmp/bootstrap/step-0002-20260722T182000-0700/experiment-rq6-external-boundary/full/raw/openswe/sweagent-qwen35_122b/030558.json.gz,53260,047543d9c984936fd5ecc6b58f699a733d538c287d2621d111ea9f1f70245c86
docs/tmp/bootstrap/step-0002-20260722T182000-0700/experiment-rq6-external-boundary/full/raw/openswe/sweagent-qwen35_122b/032610.json.gz,52459,12186998a60e0a7ebd499495ac73e1028e591ce54b06d878ed265b994de53d84
docs/tmp/bootstrap/step-0002-20260722T182000-0700/experiment-rq6-external-boundary/full/raw/openswe/sweagent-qwen35_122b/033747.json.gz,61810,7c11b38c3238be0dfb3e58de816d398862ccdb2be4b7867776bd4cfbe0ac6fb2
docs/tmp/bootstrap/step-0002-20260722T182000-0700/experiment-rq6-external-boundary/full/raw/openswe/sweagent-qwen35_122b/034980.json.gz,38855,5f8b13500ab0763447a2b827418e6865d9a5d880f43c55776c01c35bcd79f700
docs/tmp/bootstrap/step-0002-20260722T182000-0700/experiment-rq6-external-boundary/full/raw/openswe/sweagent-qwen35_122b/037049.json.gz,68424,f924360cbd9b0732ab6ebe59a120010a3197972850f04f2672386917a590708a
docs/tmp/bootstrap/step-0002-20260722T182000-0700/experiment-rq6-external-boundary/full/raw/openswe/sweagent-qwen35_122b/037656.json.gz,44961,5295df92a35fa7b6b5143dbf7499da6574baef64bb3390dc2f5413e3c02b6f79
docs/tmp/bootstrap/step-0002-20260722T182000-0700/experiment-rq6-external-boundary/full/raw/openswe/sweagent-qwen35_122b/038329.json.gz,82826,fd3a010b21239d838ec71cf7e1eff4672f8382d4fa06328e2b06216563ee4068
docs/tmp/bootstrap/step-0002-20260722T182000-0700/experiment-rq6-external-boundary/full/raw/openswe/sweagent-qwen35_122b/039350.json.gz,44979,7512e7b2595b4dd0fad22fab01ad5bf3337e78fa0e6d8f09e79fb8474218c354
docs/tmp/bootstrap/step-0002-20260722T182000-0700/experiment-rq6-external-boundary/full/raw/openswe/sweagent-qwen35_122b/040006.json.gz,88863,b73fcdc4b111a6719cbf6ba488eea6b4039c58d421aafad3b3d19d792a93153f
docs/tmp/bootstrap/step-0002-20260722T182000-0700/experiment-rq6-external-boundary/full/raw/openswe/sweagent-qwen35_122b/040888.json.gz,108094,5efb27b838bca69e3c4e9721f010ae9781761002ac492affdcb473ca034a31ad
docs/tmp/bootstrap/step-0002-20260722T182000-0700/experiment-rq6-external-boundary/full/raw/openswe/sweagent-qwen35_122b/040922.json.gz,54890,45fa69c8ed30719f9444a655b9956472e810979fdd0c616637874f96d40d56ee
docs/tmp/bootstrap/step-0002-20260722T182000-0700/experiment-rq6-external-boundary/full/raw/openswe/sweagent-qwen35_122b/041249.json.gz,97997,da1b05408b0366bb63758fc413407ba9a2671395a67cb888d39dd8a44777a6be
docs/tmp/bootstrap/step-0002-20260722T182000-0700/experiment-rq6-external-boundary/full/raw/openswe/sweagent-qwen35_122b/041640.json.gz,41769,ae834e181cc0d1634f0a984c88530ed219ac67c78fbf0c9d9ea5dd6517f04802
docs/tmp/bootstrap/step-0002-20260722T182000-0700/experiment-rq6-external-boundary/full/raw/openswe/sweagent-qwen35_122b/041939.json.gz,67903,2ae5663201d5ad49e289204341b4d2bb4291cf4727d1b34248c9e0742a6a0045
docs/tmp/bootstrap/step-0002-20260722T182000-0700/experiment-rq6-external-boundary/full/raw/openswe/sweagent-qwen35_122b/043392.json.gz,59991,99637d9923bfb749426782bb633363f1b7961ca2b807994131094b407f74972e
docs/tmp/bootstrap/step-0002-20260722T182000-0700/experiment-rq6-external-boundary/full/raw/openswe/sweagent-qwen35_122b/043940.json.gz,67343,9bf5882b1f3567ff2b276e2fd5b40ecb55cffca818025acffc5285ecdfe46d17
docs/tmp/bootstrap/step-0002-20260722T182000-0700/experiment-rq6-external-boundary/full/raw/openswe/sweagent-qwen35_122b/044301.json.gz,47059,e7656e77e9d913f1e2f7c0ce841d461659bb84a5bc59f3749693f936b6072919
docs/tmp/bootstrap/step-0002-20260722T182000-0700/experiment-rq6-external-boundary/full/raw/openswe/sweagent-qwen35_122b/044498.json.gz,72060,d52a66339e4afc98743041d828f4a40e42c7fd7762abdc256d41a176ec6bfd44
docs/tmp/bootstrap/step-0002-20260722T182000-0700/experiment-rq6-external-boundary/full/raw/openswe/sweagent-qwen35_122b/044681.json.gz,64233,1e48aebd29852313cb1bbab46e85d567a341561030a14a7af3b4ffdf12473b60
docs/tmp/bootstrap/step-0002-20260722T182000-0700/experiment-rq6-external-boundary/full/sample-manifest.csv,86738,abf4cfc552334dc9bff2d5ec5b28a1a94242c3ff93b1c01aaf8038d57993ad19
docs/tmp/bootstrap/step-0002-20260722T182000-0700/experiment-rq6-external-boundary/full/trajectory-metrics.csv,88506,e4401c2763c5f73706be9c7fadbc9bf6ba3068a77890e077b737ffb5548031c2
docs/tmp/build-and-evaluate/invariance-mining-20260726/analysis.py,108186,41335008f8bdb18522c65cc3579562a5d721718fa5fd97aff2c933b911ea4f51
docs/tmp/build-and-evaluate/invariance-mining-20260726/plan.md,14992,cc414ad4c6f23a7a8fecd1a5dac54ae201b2dd6d09bbd61541348aa0dac773e9
docs/tmp/build-and-evaluate/rq-extensions-final-20260726/result.md,7254,eb3b80ec0a6cd91d3d1ebc1617ada648389a0dfd59eb75d4f82da3b988ecee8e
docs/tmp/build-and-evaluate/rq-extensions-final-20260726/rq1-dormancy-summary.csv,3108,55e42a99ad86ef1f1158f7113476e4f303ed21612de9c18a9a081e0bd4afe690
docs/tmp/build-and-evaluate/rq-extensions-final-20260726/rq1-revivals.csv,2858727,5e8a4e0e80359a21f19dd0179a669fce736a4b41b306955798558257b8b428b0
docs/tmp/build-and-evaluate/rq1-rq4-recompute-final/rq1-raw/events/ActPlane.json,102239017,7b21f517813daf232ec39df30c82ba5e71086e1bc5c6c6bfdc1981fa69d371eb
docs/tmp/build-and-evaluate/rq1-rq4-recompute-final/rq1-raw/events/academic-writing-skills.json,1598843,01cb6eadbfa4091f0d2c072cfb9c8967864c7b4a11a58df2428a2deeb2851407
docs/tmp/build-and-evaluate/rq1-rq4-recompute-final/rq1-raw/events/agentsight.json,178979577,d9fc07c61f09029d193b37ea614e8e070fba7b21f58369b4c56ea4cc1e952a13
docs/tmp/build-and-evaluate/rq1-rq4-recompute-final/rq1-raw/events/agentskill-observability-paper.json,1521256,d155917232097f7ec81ba4088a0b769a069507c066d8f1f62093b84f4913f5c5
docs/tmp/build-and-evaluate/rq1-rq4-recompute-final/rq1-raw/events/bpf-developer-tutorial.json,2658241,fd6ac68746ed4433de48f663630527ff6a80bb1236acd190ad408e6d11711a56
docs/tmp/build-and-evaluate/rq1-rq4-recompute-final/rq1-raw/events/eunomia-dev.json,21112046,68bc4fb4792573849413c41b90c1738415ab935a625f06543657bca7747de7b9
docs/tmp/build-and-evaluate/rq1-rq4-recompute-final/rq2/raw/rq2-trajectory.csv,25248047,ec8065c8e2ce1f1d3e78d62d3522f5dae4293999238171bb039887371e482a61
docs/tmp/build-and-evaluate/rq1-rq4-recompute-final/rq4/raw/rq4-accesses.csv,10739369,a95541877da737b36f164981dfa1f2e65343df75673923c1692669b864cd6fb9
docs/tmp/build-and-evaluate/rq2-crosscase-20260726/project-vendor-summary.csv,1049,6216eeb3770ee570a66937d8627fcb1b38a10bbcf42cc1a483127d73942e5fe9
docs/tmp/build-and-evaluate/session-dynamics-20260726/raw/drift_paired.csv,58245,66905008e2ce4b9434c4f2c7da82a5ce98c0c0e81c790f99a7f29ece54c3e0db
docs/tmp/build-and-evaluate/session-dynamics-20260726/raw/startup_sessions.csv,362920,a0c87856c133b49cd3fccc7e3900c9ec193c1ea0e4238e13602cdadf925715e6
docs/tmp/build-and-evaluate/toolcall-behavior-20260726/analyze_toolcalls.py,131646,7cb44f89cead840f8cb48b04f8d336a3c6dcfcd45a3b048c768d8ad233a3080b
docs/tmp/build-and-evaluate/toolcall-behavior-20260726/markov_transitions.csv,1333109,65cb8c10e53211be6459beb40bffd38025f2703d5b8a62dab7fdb94ee420a92f
docs/tmp/build-and-evaluate/toolcall-behavior-20260726/repeated_reads.csv,28111,7d53b5e8caead1d1f94977e5d47405f6837f182f60e6a035d6195b2683949ee5
docs/tmp/build-and-evaluate/toolcall-behavior-20260726/session_metrics.csv,86899,53b8952bb64b2770f4de124bcc982211a52eaca79559d4e6f0619e6b277a3d62
docs/tmp/build-and-evaluate/toolcall-behavior-20260726/session_pace_summary.csv,4505,c69006dd60c98a68184fc73ec69e7f38d7c83ee509f6e83ecebf228b439afa58
docs/tmp/build-and-evaluate/toolcall-behavior-20260726/tool_family_distribution.csv,21854,5396a19ae35ed113218dd332f4a19f5ad4d11f8db4a4d8c8d9d92d447c884179
docs/tmp/build-and-evaluate/toolcall-profile-20260726/failure_recovery.csv,17638,d388f39bb6fbf90cb524d345992a796cef7dfca711c522a02b3324842eaa457b
docs/tmp/build-and-evaluate/toolcall-profile-20260726/report.md,43953,7720d56e21592674b2a526a2ea84c13eea686fb8d51cf189b04f4e2b98ea1da8
docs/tmp/build-and-evaluate/toolcall-profile-20260726/transition_patterns.csv,8677,12121555e71dfba0cd0ca508b345478a1abab6254c338237d57120da75bc4593
docs/tmp/build-and-evaluate/user-questions-20260726/a-created-revisit-summary.csv,1658,0b4f98bc0f47b3d19359a45590bbc9c93b4f2ac5258bb42878678d7f85112231
docs/tmp/build-and-evaluate/user-questions-20260726/b-module-session-episodes.csv,6973,0d4314b73bc659bfe4ac6d5d9ffefad4d3fcfb32279797671559635fad129437
docs/tmp/build-and-evaluate/user-questions-20260726/result.md,19209,fd64d47aa8be787b916457eddcb21967adced0f5aff38c928848d19e91f6d2d9
