check,status,evidence
rust_profile_spec_cli_present,pass,"agentpprof/src/main.rs defines --profile-spec, RawProfileSpec, operation_files, and op_map_files."
rust_profile_spec_override_contract,pass,Profile specs provide operation inputs while CLI stack/rule overrides remain explicit.
rust_standard_trace_cli_present,pass,Rust CLI exposes standard trace import/export and routes imports into operation records.
standard_trace_cli_test_present,pass,agentpprof has a CLI test for standard trace export and import.
rust_operation_stack_source_of_truth,pass,Operation mapping and stack folding live in the Rust profile path used by operation files and trace imports.
implementation_doc_records_current_rust_surface,pass,docs/implementation.md records profile specs and standard trace support as current implementation.
profile_spec_not_stale_pending_task,pass,Profile-spec support is no longer listed as a pending implementation task.
two_abstraction_boundary_in_docs,pass,"Design, paper, and claim setup preserve operation plus operation stack as the core model."
third_abstraction_guarded,pass,Any third-abstraction language is guarded as a non-claim.
remaining_gates_are_real_research_gaps,pass,"Remaining implementation/evaluation gates are analyst utility, real trace producer import, and deeper boundary adequacy."
