n,pattern,occurrences,unique_calls_covered,share_all_calls,occurrence_call_slots,observed_serial_depth_mean,strong_dependency_edge_share,parallel_candidate_edge_share,already_concurrent_edge_share,already_batched_disjoint_local_read_edge_share,sequential_disjoint_local_read_edge_share,unknown_dependency_edge_share
2,read→read,26748,37405,0.206927,53496,1.089016,0.075744,0.754000,0.494803,0.067332,0.191865,0.170256
2,edit→edit,12161,17020,0.094156,24322,1.579311,0.574706,0.009045,0.009045,0.000000,0.000000,0.416249
2,shell→shell,11006,16732,0.092563,22012,1.035708,0.035708,0.364983,0.364983,0.000000,0.000000,0.599309
2,explore→read,8397,16794,0.092906,16794,1.397523,0.268786,0.310706,0.310706,0.000000,0.000000,0.420507
2,wait→wait,8354,11297,0.062496,16708,1.964089,0.964089,0.035911,0.035911,0.000000,0.000000,0.000000
2,explore→explore,7392,11662,0.064515,14784,1.144751,0.144751,0.272863,0.272863,0.000000,0.000000,0.582386
2,read→explore,7307,14614,0.080846,14614,1.074039,0.074039,0.339811,0.339811,0.000000,0.000000,0.586150
2,shell→wait,6508,13016,0.072005,13016,1.992317,0.992317,0.007683,0.007683,0.000000,0.000000,0.000000
2,read→edit,6237,12474,0.069007,12474,1.191759,0.190476,0.007055,0.007055,0.000000,0.000000,0.802469
2,wait→shell,4832,9664,0.053462,9664,1.000000,0.000000,0.030008,0.030008,0.000000,0.000000,0.969992
2,vcs→vcs,4696,7341,0.040611,9392,1.012351,0.012351,0.661627,0.661627,0.000000,0.000000,0.326022
2,read→shell,4495,8990,0.049733,8990,1.087430,0.087430,0.335039,0.335039,0.000000,0.000000,0.577531
2,shell→read,3615,7230,0.039997,7230,1.000000,0.000000,0.364592,0.364592,0.000000,0.000000,0.635408
2,edit→read,3370,6740,0.037286,6740,1.585460,0.584570,0.011573,0.011573,0.000000,0.000000,0.403858
2,edit→shell,3066,6132,0.033923,6132,1.318656,0.318656,0.020874,0.020874,0.000000,0.000000,0.660470
2,wait→read,2938,5876,0.032506,5876,1.000000,0.000000,0.127978,0.127978,0.000000,0.000000,0.872022
2,web→web,2807,3087,0.017078,5614,1.038119,0.038119,0.593160,0.593160,0.000000,0.000000,0.368721
2,explore→shell,2574,5148,0.028479,5148,1.116550,0.116550,0.349262,0.349262,0.000000,0.000000,0.534188
2,edit→explore,2555,5110,0.028269,5110,1.353033,0.353033,0.028180,0.028180,0.000000,0.000000,0.618787
2,shell→explore,2524,5048,0.027926,5048,1.000000,0.000000,0.332805,0.332805,0.000000,0.000000,0.667195
2,explore→edit,2230,4460,0.024673,4460,1.262332,0.261883,0.009865,0.009865,0.000000,0.000000,0.728251
2,read→wait,1863,3726,0.020613,3726,1.000000,0.000000,0.006441,0.006441,0.000000,0.000000,0.993559
2,test→test,1801,2958,0.016364,3602,1.069406,0.069406,0.475847,0.475847,0.000000,0.000000,0.454747
2,shell→edit,1795,3590,0.019860,3590,1.000000,0.000000,0.035097,0.035097,0.000000,0.000000,0.964903
2,vcs→explore,1750,3500,0.019362,3500,1.000000,0.000000,0.517143,0.517143,0.000000,0.000000,0.482857
3,read→read→read,16091,27055,0.149670,48273,1.169411,0.066559,0.780654,0.490958,0.079144,0.210552,0.152787
3,edit→edit→edit,7302,11888,0.065765,21906,2.292112,0.634758,0.010134,0.010134,0.000000,0.000000,0.355108
3,wait→wait→wait,5411,7985,0.044174,16233,2.952874,0.976437,0.023563,0.023563,0.000000,0.000000,0.000000
3,shell→shell→shell,5280,9924,0.054900,15840,1.069886,0.034943,0.320739,0.320739,0.000000,0.000000,0.644318
3,explore→read→read,4215,12645,0.069953,12645,1.591459,0.170819,0.566785,0.444247,0.020759,0.101779,0.262396
3,read→read→explore,3807,11421,0.063182,11421,1.165485,0.077226,0.552009,0.422248,0.021933,0.107828,0.370764
3,read→explore→read,3253,9435,0.052195,9759,1.517061,0.189825,0.299109,0.299109,0.000000,0.000000,0.511067
3,shell→wait→shell,3216,7857,0.043466,9648,1.996580,0.498290,0.010728,0.010728,0.000000,0.000000,0.490983
3,explore→explore→explore,3122,5998,0.033181,9366,1.253684,0.126842,0.178732,0.178732,0.000000,0.000000,0.694427
3,wait→shell→wait,2864,7010,0.038780,8592,1.996508,0.498254,0.014316,0.014316,0.000000,0.000000,0.487430
3,web→web→web,2527,2989,0.016535,7581,1.078750,0.039375,0.583696,0.583696,0.000000,0.000000,0.376929
3,read→edit→edit,2375,7125,0.039416,7125,1.782316,0.371158,0.001684,0.001684,0.000000,0.000000,0.627158
3,read→read→edit,2223,6669,0.036893,6669,1.312191,0.117634,0.313090,0.211876,0.024741,0.076473,0.569276
3,explore→explore→read,2168,6504,0.035981,6504,1.585332,0.217482,0.262454,0.262454,0.000000,0.000000,0.520065
3,vcs→vcs→vcs,2051,4315,0.023871,6153,1.022916,0.011458,0.634081,0.634081,0.000000,0.000000,0.354461
3,read→explore→explore,1973,5919,0.032744,5919,1.229600,0.114800,0.258743,0.258743,0.000000,0.000000,0.626457
3,read→read→shell,1709,5127,0.028363,5127,1.204213,0.094207,0.501755,0.411059,0.001170,0.089526,0.404037
3,shell→shell→wait,1659,4977,0.027533,4977,2.020494,0.510247,0.220916,0.220916,0.000000,0.000000,0.268837
3,edit→read→edit,1658,4634,0.025636,4974,1.912545,0.445718,0.003619,0.003619,0.000000,0.000000,0.550663
3,explore→read→explore,1623,4679,0.025885,4869,1.475662,0.203635,0.203635,0.203635,0.000000,0.000000,0.592730
3,read→shell→shell,1484,4452,0.024629,4452,1.132749,0.066375,0.356132,0.356132,0.000000,0.000000,0.577493
3,shell→wait→wait,1383,4149,0.022953,4149,2.921186,0.960593,0.039407,0.039407,0.000000,0.000000,0.000000
3,shell→read→read,1333,3999,0.022123,3999,1.136534,0.057014,0.492873,0.392723,0.005251,0.094899,0.450113
3,shell→shell→read,1246,3738,0.020679,3738,1.038523,0.019262,0.335474,0.335474,0.000000,0.000000,0.645265
3,edit→edit→read,1219,3657,0.020231,3657,2.195242,0.588187,0.005742,0.005742,0.000000,0.000000,0.406071
4,read→read→read→read,10609,20323,0.112428,42436,1.239419,0.060577,0.787696,0.472209,0.089641,0.225846,0.151727
4,edit→edit→edit→edit,5009,8948,0.049501,20036,3.025953,0.682172,0.008917,0.008917,0.000000,0.000000,0.308911
4,wait→wait→wait→wait,4124,6563,0.036307,16496,3.938652,0.982380,0.017620,0.017620,0.000000,0.000000,0.000000
4,shell→shell→shell→shell,2958,6177,0.034172,11832,1.094659,0.032116,0.282173,0.282173,0.000000,0.000000,0.685711
4,explore→read→read→read,2511,10044,0.055564,10044,1.716846,0.138590,0.656843,0.493694,0.031063,0.132085,0.204567
4,web→web→web→web,2296,2932,0.016220,9184,1.115854,0.041231,0.582172,0.582172,0.000000,0.000000,0.376597
4,read→read→read→explore,2271,9084,0.050253,9084,1.226772,0.066197,0.635109,0.452517,0.035520,0.147072,0.298694
4,shell→wait→shell→wait,2248,5964,0.032993,8992,1.999555,0.665629,0.004004,0.004004,0.000000,0.000000,0.330368
4,wait→shell→wait→shell,1933,4858,0.026875,7732,1.998448,0.332816,0.007932,0.007932,0.000000,0.000000,0.659252
4,read→read→explore→read,1851,7288,0.040318,7404,1.596434,0.155051,0.471997,0.385377,0.011525,0.075095,0.372952
4,read→explore→read→read,1761,6940,0.038393,7044,1.685406,0.148779,0.482491,0.390876,0.012304,0.079311,0.368730
4,explore→explore→explore→explore,1684,3475,0.019224,6736,1.305819,0.107680,0.108670,0.108670,0.000000,0.000000,0.783650
4,read→edit→edit→edit,1250,5000,0.027660,5000,2.353600,0.434133,0.002933,0.002933,0.000000,0.000000,0.562933
4,read→read→read→edit,1121,4484,0.024806,4484,1.417484,0.085340,0.513232,0.385668,0.034790,0.092774,0.401427
4,explore→explore→read→read,1113,4452,0.024629,4452,1.742138,0.161426,0.471099,0.369572,0.023061,0.078467,0.367475
4,read→read→edit→edit,1037,4148,0.022947,4148,1.822565,0.225008,0.221794,0.152041,0.026037,0.043716,0.553198
4,read→read→explore→explore,1017,4068,0.022504,4068,1.294002,0.100295,0.438873,0.331695,0.026876,0.080302,0.460833
4,vcs→vcs→vcs→vcs,919,2296,0.012702,3676,1.033732,0.011607,0.561843,0.561843,0.000000,0.000000,0.426551
4,read→explore→explore→read,800,3172,0.017548,3200,1.717500,0.186667,0.257500,0.257500,0.000000,0.000000,0.555833
4,read→read→read→shell,784,3136,0.017349,3136,1.334184,0.097364,0.534439,0.386905,0.002976,0.144558,0.368197
4,explore→explore→explore→read,761,3044,0.016840,3044,1.641261,0.169514,0.225142,0.225142,0.000000,0.000000,0.605344
4,read→explore→explore→explore,724,2896,0.016021,2896,1.366022,0.124309,0.190608,0.190608,0.000000,0.000000,0.685083
4,explore→read→read→explore,718,2835,0.015683,2872,1.629526,0.144847,0.428969,0.327298,0.013928,0.087744,0.426184
4,explore→read→explore→read,691,2590,0.014328,2764,1.803184,0.247950,0.203570,0.203570,0.000000,0.000000,0.548480
4,read→shell→shell→shell,684,2736,0.015136,2736,1.171053,0.058480,0.304581,0.304581,0.000000,0.000000,0.636940
